warning: patch `stwo-cairo-common v1.2.2 (/Users/mac/projects/zchain/third_party/stwo-cairo/common)` was not used in the crate graph
  |
  = help: perhaps you meant one of the following:
          	/Users/mac/projects/poker_texas_air/third_party/proving/crates/common
warning: unused import: `BlockHeader`
  --> poker_l1/src/indexer/mod.rs:33:27
   |
33 | use crate::block::{Block, BlockHeader};
   |                           ^^^^^^^^^^^
   |
   = note: `#[warn(unused_imports)]` (part of `#[warn(unused)]`) on by default

warning: unused import: `std::sync::Arc`
  --> poker_l1/src/metrics/mod.rs:23:5
   |
23 | use std::sync::Arc;
   |     ^^^^^^^^^^^^^^

warning: unused import: `std::collections::BTreeSet`
  --> poker_l1/src/storage/bridge_registry_store.rs:11:5
   |
11 | use std::collections::BTreeSet;
   |     ^^^^^^^^^^^^^^^^^^^^^^^^^^

warning: unused import: `PokerL1Error`
  --> poker_l1/src/storage/object_db_snapshot.rs:19:20
   |
19 | use crate::error::{PokerL1Error, PokerL1Result};
   |                    ^^^^^^^^^^^^

warning: unused import: `ObjectDb`
  --> poker_l1/src/vm/contracts/game_precompile.rs:13:37
   |
13 | use crate::storage::{ObjectBackend, ObjectDb};
   |                                     ^^^^^^^^

warning: variable does not need to be mutable
   --> poker_l1/src/executor/schedule.rs:122:9
    |
122 |     let mut forces_serial = false;
    |         ----^^^^^^^^^^^^^
    |         |
    |         help: remove this `mut`
    |
    = note: `#[warn(unused_mut)]` (part of `#[warn(unused)]`) on by default

warning: variable does not need to be mutable
    --> poker_l1/src/node/mod.rs:1234:14
     |
1234 |         let (mut receipt_sidecar, replayed_receipts) =
     |              ----^^^^^^^^^^^^^^^
     |              |
     |              help: remove this `mut`

warning: field `id` is never read
   --> poker_l1/src/indexer/mod.rs:280:5
    |
278 | struct Subscription {
    |        ------------ field in this struct
279 |     /// 订阅 ID。
280 |     id: SubscriberId,
    |     ^^
    |
    = note: `Subscription` has a derived impl for the trait `Debug`, but this is intentionally ignored during dead code analysis
    = note: `#[warn(dead_code)]` (part of `#[warn(unused)]`) on by default

warning: function `assert_no_duplicates` is never used
   --> poker_l1/src/vm/contracts/texas_poker/hand_evaluator.rs:147:4
    |
147 | fn assert_no_duplicates(cards: &[Card]) {
    |    ^^^^^^^^^^^^^^^^^^^^

warning: calls to `std::mem::drop` with a reference instead of an owned value does nothing
   --> poker_l1/src/account/mod.rs:490:9
    |
490 |         drop(account); // 释放 &mut 借用，以便调用 persist(&self)
    |         ^^^^^-------^
    |              |
    |              argument has type `&mut Account`
    |
    = note: `#[warn(dropping_references)]` on by default
help: use `let _ = ...` to ignore the expression or result
    |
490 -         drop(account); // 释放 &mut 借用，以便调用 persist(&self)
490 +         let _ = account; // 释放 &mut 借用，以便调用 persist(&self)
    |

warning: missing documentation for a struct field
  --> poker_l1/src/executor/write_capture.rs:49:9
   |
49 |         id: ObjectID,
   |         ^^^^^^^^^^^^
   |
note: the lint level is defined here
  --> poker_l1/src/lib.rs:33:9
   |
33 | #![warn(missing_docs)]
   |         ^^^^^^^^^^^^

warning: missing documentation for a struct field
  --> poker_l1/src/executor/write_capture.rs:50:9
   |
50 |         actor: Address,
   |         ^^^^^^^^^^^^^^

warning: missing documentation for a struct field
  --> poker_l1/src/executor/write_capture.rs:51:9
   |
51 |         new_data: Vec<u8>,
   |         ^^^^^^^^^^^^^^^^^

warning: missing documentation for a struct field
  --> poker_l1/src/executor/write_capture.rs:55:9
   |
55 |         id: ObjectID,
   |         ^^^^^^^^^^^^

warning: missing documentation for a struct field
  --> poker_l1/src/executor/write_capture.rs:56:9
   |
56 |         actor: Address,
   |         ^^^^^^^^^^^^^^

warning: missing documentation for a struct field
  --> poker_l1/src/executor/write_capture.rs:57:9
   |
57 |         new_owner: Address,
   |         ^^^^^^^^^^^^^^^^^^

warning: missing documentation for a struct field
   --> poker_l1/src/indexer/mod.rs:119:5
    |
119 |     pub height_max: Option<BlockHeight>,
    |     ^^^^^^^^^^^^^^^^^^^^^^^^^^^^^^^^^^^

warning: missing documentation for a struct field
   --> poker_l1/src/indexer/mod.rs:220:5
    |
220 |     pub height_max: Option<BlockHeight>,
    |     ^^^^^^^^^^^^^^^^^^^^^^^^^^^^^^^^^^^

warning: missing documentation for a struct field
   --> poker_l1/src/network/mod.rs:136:5
    |
136 |     pub job_id: Hash,
    |     ^^^^^^^^^^^^^^^^

warning: missing documentation for a struct field
   --> poker_l1/src/network/mod.rs:137:5
    |
137 |     pub package_hash: Hash,
    |     ^^^^^^^^^^^^^^^^^^^^^^

warning: missing documentation for a struct field
   --> poker_l1/src/network/mod.rs:138:5
    |
138 |     pub index: u32,
    |     ^^^^^^^^^^^^^^

warning: missing documentation for a struct field
   --> poker_l1/src/network/mod.rs:139:5
    |
139 |     pub bytes: Vec<u8>,
    |     ^^^^^^^^^^^^^^^^^^

warning: missing documentation for a struct field
   --> poker_l1/src/network/mod.rs:140:5
    |
140 |     pub chunk_hash: Hash,
    |     ^^^^^^^^^^^^^^^^^^^^

warning: missing documentation for an associated function
   --> poker_l1/src/network/mod.rs:237:5
    |
237 |     pub fn new(manifest: ProofPackageManifest) -> PokerL1Result<Self> {
    |     ^^^^^^^^^^^^^^^^^^^^^^^^^^^^^^^^^^^^^^^^^^^^^^^^^^^^^^^^^^^^^^^^^

warning: missing documentation for a method
   --> poker_l1/src/network/mod.rs:248:5
    |
248 |     pub const fn manifest(&self) -> &ProofPackageManifest {
    |     ^^^^^^^^^^^^^^^^^^^^^^^^^^^^^^^^^^^^^^^^^^^^^^^^^^^^^

warning: missing documentation for a method
   --> poker_l1/src/network/mod.rs:253:5
    |
253 |     pub fn is_complete(&self) -> bool {
    |     ^^^^^^^^^^^^^^^^^^^^^^^^^^^^^^^^^

warning: missing documentation for a struct field
   --> poker_l1/src/network/mod.rs:835:9
    |
835 |         job_id: Hash,
    |         ^^^^^^^^^^^^

warning: missing documentation for a struct field
   --> poker_l1/src/network/mod.rs:836:9
    |
836 |         package_hash: Hash,
    |         ^^^^^^^^^^^^^^^^^^

warning: missing documentation for a struct field
   --> poker_l1/src/network/mod.rs:837:9
    |
837 |         index: u32,
    |         ^^^^^^^^^^

warning: missing documentation for a method
    --> poker_l1/src/node/mod.rs:2885:5
     |
2885 |     pub fn submit_tx(&self, tx: Transaction) -> PokerL1Result<Hash> {
     |     ^^^^^^^^^^^^^^^^^^^^^^^^^^^^^^^^^^^^^^^^^^^^^^^^^^^^^^^^^^^^^^^

warning: missing documentation for a struct field
   --> poker_l1/src/sync/mod.rs:364:25
    |
364 |     DownloadingChunks { downloaded: u64, total: u64 },
    |                         ^^^^^^^^^^^^^^^

warning: missing documentation for a struct field
   --> poker_l1/src/sync/mod.rs:364:42
    |
364 |     DownloadingChunks { downloaded: u64, total: u64 },
    |                                          ^^^^^^^^^^

warning: missing documentation for a struct field
   --> poker_l1/src/sync/mod.rs:366:22
    |
366 |     ApplyingChunks { applied: u64, total: u64 },
    |                      ^^^^^^^^^^^^

warning: missing documentation for a struct field
   --> poker_l1/src/sync/mod.rs:366:36
    |
366 |     ApplyingChunks { applied: u64, total: u64 },
    |                                    ^^^^^^^^^^

warning: missing documentation for a struct field
   --> poker_l1/src/sync/mod.rs:369:9
    |
369 |         current_height: BlockHeight,
    |         ^^^^^^^^^^^^^^^^^^^^^^^^^^^

warning: missing documentation for a struct field
   --> poker_l1/src/sync/mod.rs:370:9
    |
370 |         tip_height: BlockHeight,
    |         ^^^^^^^^^^^^^^^^^^^^^^^

warning: missing documentation for a function
  --> poker_l1/src/vm/contracts/dispatch.rs:63:5
   |
63 |     pub fn hand_started() -> [u8; 32] {
   |     ^^^^^^^^^^^^^^^^^^^^^^^^^^^^^^^^^

warning: missing documentation for a function
  --> poker_l1/src/vm/contracts/dispatch.rs:67:5
   |
67 |     pub fn force_advance() -> [u8; 32] {
   |     ^^^^^^^^^^^^^^^^^^^^^^^^^^^^^^^^^^

warning: missing documentation for a function
  --> poker_l1/src/vm/contracts/dispatch.rs:71:5
   |
71 |     pub fn settle_hand() -> [u8; 32] {
   |     ^^^^^^^^^^^^^^^^^^^^^^^^^^^^^^^^

warning: missing documentation for a function
  --> poker_l1/src/vm/contracts/dispatch.rs:75:5
   |
75 |     pub fn force_checkpoint() -> [u8; 32] {
   |     ^^^^^^^^^^^^^^^^^^^^^^^^^^^^^^^^^^^^^

warning: missing documentation for a function
  --> poker_l1/src/vm/contracts/dispatch.rs:79:5
   |
79 |     pub fn checkpoint_anchor() -> [u8; 32] {
   |     ^^^^^^^^^^^^^^^^^^^^^^^^^^^^^^^^^^^^^^

warning: missing documentation for a function
  --> poker_l1/src/vm/contracts/dispatch.rs:83:5
   |
83 |     pub fn force_checkin() -> [u8; 32] {
   |     ^^^^^^^^^^^^^^^^^^^^^^^^^^^^^^^^^^

warning: missing documentation for a function
  --> poker_l1/src/vm/contracts/dispatch.rs:87:5
   |
87 |     pub fn force_settle() -> [u8; 32] {
   |     ^^^^^^^^^^^^^^^^^^^^^^^^^^^^^^^^^

warning: missing documentation for a function
  --> poker_l1/src/vm/contracts/dispatch.rs:91:5
   |
91 |     pub fn request_revert() -> [u8; 32] {
   |     ^^^^^^^^^^^^^^^^^^^^^^^^^^^^^^^^^^^

warning: missing documentation for a function
  --> poker_l1/src/vm/contracts/dispatch.rs:95:5
   |
95 |     pub fn force_revert() -> [u8; 32] {
   |     ^^^^^^^^^^^^^^^^^^^^^^^^^^^^^^^^^

warning: missing documentation for a function
  --> poker_l1/src/vm/contracts/dispatch.rs:99:5
   |
99 |     pub fn apply_forfeit() -> [u8; 32] {
   |     ^^^^^^^^^^^^^^^^^^^^^^^^^^^^^^^^^^

warning: missing documentation for a function
   --> poker_l1/src/vm/contracts/dispatch.rs:103:5
    |
103 |     pub fn challenge_delta() -> [u8; 32] {
    |     ^^^^^^^^^^^^^^^^^^^^^^^^^^^^^^^^^^^^

warning: missing documentation for a function
   --> poker_l1/src/vm/contracts/dispatch.rs:107:5
    |
107 |     pub fn request_da() -> [u8; 32] {
    |     ^^^^^^^^^^^^^^^^^^^^^^^^^^^^^^^

warning: missing documentation for a function
   --> poker_l1/src/vm/contracts/dispatch.rs:111:5
    |
111 |     pub fn checkpoint_skip() -> [u8; 32] {
    |     ^^^^^^^^^^^^^^^^^^^^^^^^^^^^^^^^^^^^

warning: missing documentation for a function
   --> poker_l1/src/vm/contracts/dispatch.rs:115:5
    |
115 |     pub fn revoke_delegated_escape() -> [u8; 32] {
    |     ^^^^^^^^^^^^^^^^^^^^^^^^^^^^^^^^^^^^^^^^^^^^

warning: missing documentation for a function
   --> poker_l1/src/vm/contracts/dispatch.rs:119:5
    |
119 |     pub fn request_ack() -> [u8; 32] {
    |     ^^^^^^^^^^^^^^^^^^^^^^^^^^^^^^^^

warning: missing documentation for a function
   --> poker_l1/src/vm/contracts/dispatch.rs:123:5
    |
123 |     pub fn refuse_ack() -> [u8; 32] {
    |     ^^^^^^^^^^^^^^^^^^^^^^^^^^^^^^^

warning: missing documentation for a type alias
  --> poker_l1/src/vm/contracts/stark_compat.rs:24:1
   |
24 | pub type StarkScalar = <StarkCurve as Curve>::Scalar;
   | ^^^^^^^^^^^^^^^^^^^^

warning: missing documentation for a method
  --> poker_l1/src/vm/contracts/stark_compat.rs:32:5
   |
32 |     fn double(&self) -> Self;
   |     ^^^^^^^^^^^^^^^^^^^^^^^^^

warning: missing documentation for a method
  --> poker_l1/src/vm/contracts/stark_compat.rs:33:5
   |
33 |     fn is_zero(&self) -> bool;
   |     ^^^^^^^^^^^^^^^^^^^^^^^^^^

warning: missing documentation for a variant
   --> poker_l1/src/vm/contracts/texas_poker/betting.rs:130:5
    |
130 |     InvalidRaiseAmount,
    |     ^^^^^^^^^^^^^^^^^^

warning: missing documentation for a variant
   --> poker_l1/src/vm/contracts/texas_poker/betting.rs:132:5
    |
132 |     CannotRaise,
    |     ^^^^^^^^^^^

warning: missing documentation for a variant
   --> poker_l1/src/vm/contracts/texas_poker/betting.rs:134:5
    |
134 |     NotPlayerTurn,
    |     ^^^^^^^^^^^^^

warning: missing documentation for a variant
   --> poker_l1/src/vm/contracts/texas_poker/betting.rs:136:5
    |
136 |     PlayerInactive,
    |     ^^^^^^^^^^^^^^

warning: missing documentation for a constant
  --> poker_l1/src/vm/contracts/texas_poker/card.rs:17:1
   |
17 | pub const SPADES: u8 = 0;
   | ^^^^^^^^^^^^^^^^^^^^

warning: missing documentation for a constant
  --> poker_l1/src/vm/contracts/texas_poker/card.rs:18:1
   |
18 | pub const HEARTS: u8 = 1;
   | ^^^^^^^^^^^^^^^^^^^^

warning: missing documentation for a constant
  --> poker_l1/src/vm/contracts/texas_poker/card.rs:19:1
   |
19 | pub const DIAMONDS: u8 = 2;
   | ^^^^^^^^^^^^^^^^^^^^^^

warning: missing documentation for a constant
  --> poker_l1/src/vm/contracts/texas_poker/card.rs:20:1
   |
20 | pub const CLUBS: u8 = 3;
   | ^^^^^^^^^^^^^^^^^^^

warning: missing documentation for a constant
  --> poker_l1/src/vm/contracts/texas_poker/card.rs:24:1
   |
24 | pub const TWO: u8 = 2;
   | ^^^^^^^^^^^^^^^^^

warning: missing documentation for a constant
  --> poker_l1/src/vm/contracts/texas_poker/card.rs:25:1
   |
25 | pub const THREE: u8 = 3;
   | ^^^^^^^^^^^^^^^^^^^

warning: missing documentation for a constant
  --> poker_l1/src/vm/contracts/texas_poker/card.rs:26:1
   |
26 | pub const FOUR: u8 = 4;
   | ^^^^^^^^^^^^^^^^^^

warning: missing documentation for a constant
  --> poker_l1/src/vm/contracts/texas_poker/card.rs:27:1
   |
27 | pub const FIVE: u8 = 5;
   | ^^^^^^^^^^^^^^^^^^

warning: missing documentation for a constant
  --> poker_l1/src/vm/contracts/texas_poker/card.rs:28:1
   |
28 | pub const SIX: u8 = 6;
   | ^^^^^^^^^^^^^^^^^

warning: missing documentation for a constant
  --> poker_l1/src/vm/contracts/texas_poker/card.rs:29:1
   |
29 | pub const SEVEN: u8 = 7;
   | ^^^^^^^^^^^^^^^^^^^

warning: missing documentation for a constant
  --> poker_l1/src/vm/contracts/texas_poker/card.rs:30:1
   |
30 | pub const EIGHT: u8 = 8;
   | ^^^^^^^^^^^^^^^^^^^

warning: missing documentation for a constant
  --> poker_l1/src/vm/contracts/texas_poker/card.rs:31:1
   |
31 | pub const NINE: u8 = 9;
   | ^^^^^^^^^^^^^^^^^^

warning: missing documentation for a constant
  --> poker_l1/src/vm/contracts/texas_poker/card.rs:32:1
   |
32 | pub const TEN: u8 = 10;
   | ^^^^^^^^^^^^^^^^^

warning: missing documentation for a constant
  --> poker_l1/src/vm/contracts/texas_poker/card.rs:33:1
   |
33 | pub const JACK: u8 = 11;
   | ^^^^^^^^^^^^^^^^^^

warning: missing documentation for a constant
  --> poker_l1/src/vm/contracts/texas_poker/card.rs:34:1
   |
34 | pub const QUEEN: u8 = 12;
   | ^^^^^^^^^^^^^^^^^^^

warning: missing documentation for a constant
  --> poker_l1/src/vm/contracts/texas_poker/card.rs:35:1
   |
35 | pub const KING: u8 = 13;
   | ^^^^^^^^^^^^^^^^^^

warning: missing documentation for a constant
  --> poker_l1/src/vm/contracts/texas_poker/card.rs:36:1
   |
36 | pub const ACE: u8 = 14;
   | ^^^^^^^^^^^^^^^^^

warning: missing documentation for a struct field
   --> poker_l1/src/vm/contracts/texas_poker/card.rs:183:5
    |
183 |     pub rank: u8,
    |     ^^^^^^^^^^^^

warning: missing documentation for a struct field
   --> poker_l1/src/vm/contracts/texas_poker/card.rs:184:5
    |
184 |     pub suit: u8,
    |     ^^^^^^^^^^^^

warning: missing documentation for a constant
  --> poker_l1/src/vm/contracts/texas_poker/constants.rs:39:1
   |
39 | pub const SHUFFLE_PHASE_NONE: u8 = 0;
   | ^^^^^^^^^^^^^^^^^^^^^^^^^^^^^^^^

warning: missing documentation for a constant
  --> poker_l1/src/vm/contracts/texas_poker/constants.rs:40:1
   |
40 | pub const SHUFFLE_PHASE_WAITING: u8 = 1;
   | ^^^^^^^^^^^^^^^^^^^^^^^^^^^^^^^^^^^

warning: missing documentation for a constant
  --> poker_l1/src/vm/contracts/texas_poker/constants.rs:41:1
   |
41 | pub const SHUFFLE_PHASE_RECONSTRUCT: u8 = 2;
   | ^^^^^^^^^^^^^^^^^^^^^^^^^^^^^^^^^^^^^^^

warning: missing documentation for a constant
  --> poker_l1/src/vm/contracts/texas_poker/constants.rs:42:1
   |
42 | pub const SHUFFLE_PHASE_BEFORE_PREFLOP: u8 = 3;
   | ^^^^^^^^^^^^^^^^^^^^^^^^^^^^^^^^^^^^^^^^^^

warning: missing documentation for a constant
  --> poker_l1/src/vm/contracts/texas_poker/constants.rs:46:1
   |
46 | pub const REVEAL_PHASE_NONE: u8 = 0;
   | ^^^^^^^^^^^^^^^^^^^^^^^^^^^^^^^

warning: missing documentation for a constant
  --> poker_l1/src/vm/contracts/texas_poker/constants.rs:47:1
   |
47 | pub const REVEAL_PHASE_PREFLOP: u8 = 1;
   | ^^^^^^^^^^^^^^^^^^^^^^^^^^^^^^^^^^

warning: missing documentation for a constant
  --> poker_l1/src/vm/contracts/texas_poker/constants.rs:48:1
   |
48 | pub const REVEAL_PHASE_REDEAL: u8 = 2;
   | ^^^^^^^^^^^^^^^^^^^^^^^^^^^^^^^^^

warning: missing documentation for a constant
  --> poker_l1/src/vm/contracts/texas_poker/constants.rs:49:1
   |
49 | pub const REVEAL_PHASE_FLOP: u8 = 3;
   | ^^^^^^^^^^^^^^^^^^^^^^^^^^^^^^^

warning: missing documentation for a constant
  --> poker_l1/src/vm/contracts/texas_poker/constants.rs:50:1
   |
50 | pub const REVEAL_PHASE_TURN: u8 = 4;
   | ^^^^^^^^^^^^^^^^^^^^^^^^^^^^^^^

warning: missing documentation for a constant
  --> poker_l1/src/vm/contracts/texas_poker/constants.rs:51:1
   |
51 | pub const REVEAL_PHASE_RIVER: u8 = 5;
   | ^^^^^^^^^^^^^^^^^^^^^^^^^^^^^^^^

warning: missing documentation for a constant
  --> poker_l1/src/vm/contracts/texas_poker/constants.rs:52:1
   |
52 | pub const REVEAL_PHASE_SHOWDOWN: u8 = 6;
   | ^^^^^^^^^^^^^^^^^^^^^^^^^^^^^^^^^^^

warning: missing documentation for a constant
  --> poker_l1/src/vm/contracts/texas_poker/constants.rs:56:1
   |
56 | pub const RECONSTRUCT_PHASE_NONE: u8 = 0;
   | ^^^^^^^^^^^^^^^^^^^^^^^^^^^^^^^^^^^^

warning: missing documentation for a constant
  --> poker_l1/src/vm/contracts/texas_poker/constants.rs:57:1
   |
57 | pub const RECONSTRUCT_PHASE_COLLECTING: u8 = 1;
   | ^^^^^^^^^^^^^^^^^^^^^^^^^^^^^^^^^^^^^^^^^^

warning: missing documentation for a constant
  --> poker_l1/src/vm/contracts/texas_poker/constants.rs:58:1
   |
58 | pub const RECONSTRUCT_PHASE_COMPLETE: u8 = 2;
   | ^^^^^^^^^^^^^^^^^^^^^^^^^^^^^^^^^^^^^^^^

warning: missing documentation for a constant
  --> poker_l1/src/vm/contracts/texas_poker/constants.rs:62:1
   |
62 | pub const ACTION_FOLD: u8 = 1;
   | ^^^^^^^^^^^^^^^^^^^^^^^^^

warning: missing documentation for a constant
  --> poker_l1/src/vm/contracts/texas_poker/constants.rs:63:1
   |
63 | pub const ACTION_CHECK: u8 = 2;
   | ^^^^^^^^^^^^^^^^^^^^^^^^^^

warning: missing documentation for a constant
  --> poker_l1/src/vm/contracts/texas_poker/constants.rs:64:1
   |
64 | pub const ACTION_CALL: u8 = 4;
   | ^^^^^^^^^^^^^^^^^^^^^^^^^

warning: missing documentation for a constant
  --> poker_l1/src/vm/contracts/texas_poker/constants.rs:65:1
   |
65 | pub const ACTION_RAISE: u8 = 8;
   | ^^^^^^^^^^^^^^^^^^^^^^^^^^

warning: missing documentation for a constant
  --> poker_l1/src/vm/contracts/texas_poker/constants.rs:69:1
   |
69 | pub const REFUND_TYPE_STACK_ONLY: u8 = 0;
   | ^^^^^^^^^^^^^^^^^^^^^^^^^^^^^^^^^^^^

warning: missing documentation for a constant
  --> poker_l1/src/vm/contracts/texas_poker/constants.rs:70:1
   |
70 | pub const REFUND_TYPE_STACK_AND_BET: u8 = 1;
   | ^^^^^^^^^^^^^^^^^^^^^^^^^^^^^^^^^^^^^^^

warning: missing documentation for a constant
  --> poker_l1/src/vm/contracts/texas_poker/constants.rs:71:1
   |
71 | pub const REFUND_TYPE_BET_ONLY: u8 = 2;
   | ^^^^^^^^^^^^^^^^^^^^^^^^^^^^^^^^^^

warning: missing documentation for a constant
  --> poker_l1/src/vm/contracts/texas_poker/constants.rs:75:1
   |
75 | pub const KICK_REASON_TIMEOUT: super::events::KickCause = super::events::KickCause::Timeout;
   | ^^^^^^^^^^^^^^^^^^^^^^^^^^^^^^^^^^^^^^^^^^^^^^^^^^^^^^^

warning: missing documentation for a constant
  --> poker_l1/src/vm/contracts/texas_poker/constants.rs:76:1
   |
76 | pub const KICK_REASON_ADMIN: super::events::KickCause = super::events::KickCause::Admin;
   | ^^^^^^^^^^^^^^^^^^^^^^^^^^^^^^^^^^^^^^^^^^^^^^^^^^^^^

warning: missing documentation for a constant
  --> poker_l1/src/vm/contracts/texas_poker/constants.rs:77:1
   |
77 | pub const KICK_REASON_RECONSTRUCT_TIMEOUT: super::events::KickCause =
   | ^^^^^^^^^^^^^^^^^^^^^^^^^^^^^^^^^^^^^^^^^^^^^^^^^^^^^^^^^^^^^^^^^^^

warning: missing documentation for a constant
  --> poker_l1/src/vm/contracts/texas_poker/constants.rs:82:1
   |
82 | pub const RESET_REASON_TIMEOUT: u8 = 0;
   | ^^^^^^^^^^^^^^^^^^^^^^^^^^^^^^^^^^

warning: missing documentation for a constant
  --> poker_l1/src/vm/contracts/texas_poker/constants.rs:83:1
   |
83 | pub const RESET_REASON_KICK: u8 = 1;
   | ^^^^^^^^^^^^^^^^^^^^^^^^^^^^^^^

warning: missing documentation for a constant
  --> poker_l1/src/vm/contracts/texas_poker/constants.rs:84:1
   |
84 | pub const RESET_REASON_RECONSTRUCT_FAIL: u8 = 2;
   | ^^^^^^^^^^^^^^^^^^^^^^^^^^^^^^^^^^^^^^^^^^^

warning: missing documentation for a constant
  --> poker_l1/src/vm/contracts/texas_poker/constants.rs:85:1
   |
85 | pub const RESET_REASON_LAST_PLAYER_STANDING: u8 = 3;
   | ^^^^^^^^^^^^^^^^^^^^^^^^^^^^^^^^^^^^^^^^^^^^^^^

warning: missing documentation for a constant
  --> poker_l1/src/vm/contracts/texas_poker/constants.rs:86:1
   |
86 | pub const RESET_REASON_STATE_INCONSISTENT: u8 = 4;
   | ^^^^^^^^^^^^^^^^^^^^^^^^^^^^^^^^^^^^^^^^^^^^^

warning: missing documentation for a constant
  --> poker_l1/src/vm/contracts/texas_poker/constants.rs:90:1
   |
90 | pub const FOLD_REASON_MANUAL: u8 = 0;
   | ^^^^^^^^^^^^^^^^^^^^^^^^^^^^^^^^

warning: missing documentation for a constant
  --> poker_l1/src/vm/contracts/texas_poker/constants.rs:91:1
   |
91 | pub const FOLD_REASON_AUTO_TIMEOUT: u8 = 1;
   | ^^^^^^^^^^^^^^^^^^^^^^^^^^^^^^^^^^^^^^

warning: missing documentation for a constant
  --> poker_l1/src/vm/contracts/texas_poker/constants.rs:92:1
   |
92 | pub const FOLD_REASON_FORCE_ADMIN: u8 = 2;
   | ^^^^^^^^^^^^^^^^^^^^^^^^^^^^^^^^^^^^^

warning: missing documentation for a constant
  --> poker_l1/src/vm/contracts/texas_poker/constants.rs:96:1
   |
96 | pub const DECK_REBUILD_REASON_SHUFFLE_TIMEOUT: u8 = 0;
   | ^^^^^^^^^^^^^^^^^^^^^^^^^^^^^^^^^^^^^^^^^^^^^^^^^

warning: missing documentation for a constant
  --> poker_l1/src/vm/contracts/texas_poker/constants.rs:97:1
   |
97 | pub const DECK_REBUILD_REASON_RECONSTRUCT_COMPLETE: u8 = 1;
   | ^^^^^^^^^^^^^^^^^^^^^^^^^^^^^^^^^^^^^^^^^^^^^^^^^^^^^^

warning: missing documentation for a constant
   --> poker_l1/src/vm/contracts/texas_poker/constants.rs:109:1
    |
109 | pub const DEFAULT_REVEAL_TIMEOUT_MS: u64 = 30_000;
    | ^^^^^^^^^^^^^^^^^^^^^^^^^^^^^^^^^^^^^^^^

warning: missing documentation for a constant
   --> poker_l1/src/vm/contracts/texas_poker/constants.rs:110:1
    |
110 | pub const DEFAULT_BETTING_TIMEOUT_MS: u64 = 30_000;
    | ^^^^^^^^^^^^^^^^^^^^^^^^^^^^^^^^^^^^^^^^^

warning: missing documentation for a constant
   --> poker_l1/src/vm/contracts/texas_poker/constants.rs:111:1
    |
111 | pub const DEFAULT_RECONSTRUCT_TIMEOUT_MS: u64 = 30_000;
    | ^^^^^^^^^^^^^^^^^^^^^^^^^^^^^^^^^^^^^^^^^^^^^

warning: missing documentation for a constant
   --> poker_l1/src/vm/contracts/texas_poker/constants.rs:112:1
    |
112 | pub const DEFAULT_SHOWDOWN_DISPLAY_MS: u64 = 3_000;
    | ^^^^^^^^^^^^^^^^^^^^^^^^^^^^^^^^^^^^^^^^^^

warning: missing documentation for a constant
   --> poker_l1/src/vm/contracts/texas_poker/constants.rs:113:1
    |
113 | pub const DEFAULT_HAND_COMPLETE_WAIT_MS: u64 = 5_000;
    | ^^^^^^^^^^^^^^^^^^^^^^^^^^^^^^^^^^^^^^^^^^^^

warning: missing documentation for a constant
   --> poker_l1/src/vm/contracts/texas_poker/constants.rs:114:1
    |
114 | pub const DEFAULT_READY_WAIT_MS: u64 = 5_000;
    | ^^^^^^^^^^^^^^^^^^^^^^^^^^^^^^^^^^^^

warning: missing documentation for a constant
  --> poker_l1/src/vm/contracts/texas_poker/events.rs:27:1
   |
27 | pub const REFUND_TYPE_STACK_ONLY: u8 = 0;
   | ^^^^^^^^^^^^^^^^^^^^^^^^^^^^^^^^^^^^

warning: missing documentation for a constant
  --> poker_l1/src/vm/contracts/texas_poker/events.rs:28:1
   |
28 | pub const REFUND_TYPE_STACK_AND_BET: u8 = 1;
   | ^^^^^^^^^^^^^^^^^^^^^^^^^^^^^^^^^^^^^^^

warning: missing documentation for a constant
  --> poker_l1/src/vm/contracts/texas_poker/events.rs:29:1
   |
29 | pub const REFUND_TYPE_BET_ONLY: u8 = 2;
   | ^^^^^^^^^^^^^^^^^^^^^^^^^^^^^^^^^^

warning: missing documentation for a constant
  --> poker_l1/src/vm/contracts/texas_poker/events.rs:47:1
   |
47 | pub const RESET_REASON_TIMEOUT: u8 = 0;
   | ^^^^^^^^^^^^^^^^^^^^^^^^^^^^^^^^^^

warning: missing documentation for a constant
  --> poker_l1/src/vm/contracts/texas_poker/events.rs:48:1
   |
48 | pub const RESET_REASON_KICK: u8 = 1;
   | ^^^^^^^^^^^^^^^^^^^^^^^^^^^^^^^

warning: missing documentation for a constant
  --> poker_l1/src/vm/contracts/texas_poker/events.rs:49:1
   |
49 | pub const RESET_REASON_RECONSTRUCT_FAIL: u8 = 2;
   | ^^^^^^^^^^^^^^^^^^^^^^^^^^^^^^^^^^^^^^^^^^^

warning: missing documentation for a constant
  --> poker_l1/src/vm/contracts/texas_poker/events.rs:50:1
   |
50 | pub const RESET_REASON_LAST_PLAYER_STANDING: u8 = 3;
   | ^^^^^^^^^^^^^^^^^^^^^^^^^^^^^^^^^^^^^^^^^^^^^^^

warning: missing documentation for a constant
  --> poker_l1/src/vm/contracts/texas_poker/events.rs:51:1
   |
51 | pub const RESET_REASON_STATE_INCONSISTENT: u8 = 4;
   | ^^^^^^^^^^^^^^^^^^^^^^^^^^^^^^^^^^^^^^^^^^^^^

warning: missing documentation for a constant
  --> poker_l1/src/vm/contracts/texas_poker/events.rs:54:1
   |
54 | pub const FOLD_REASON_MANUAL: u8 = 0;
   | ^^^^^^^^^^^^^^^^^^^^^^^^^^^^^^^^

warning: missing documentation for a constant
  --> poker_l1/src/vm/contracts/texas_poker/events.rs:55:1
   |
55 | pub const FOLD_REASON_AUTO_TIMEOUT: u8 = 1;
   | ^^^^^^^^^^^^^^^^^^^^^^^^^^^^^^^^^^^^^^

warning: missing documentation for a constant
  --> poker_l1/src/vm/contracts/texas_poker/events.rs:56:1
   |
56 | pub const FOLD_REASON_FORCE_ADMIN: u8 = 2;
   | ^^^^^^^^^^^^^^^^^^^^^^^^^^^^^^^^^^^^^

warning: missing documentation for a constant
  --> poker_l1/src/vm/contracts/texas_poker/events.rs:59:1
   |
59 | pub const DECK_REBUILT_REASON_SHUFFLE_TIMEOUT: u8 = 0;
   | ^^^^^^^^^^^^^^^^^^^^^^^^^^^^^^^^^^^^^^^^^^^^^^^^^

warning: missing documentation for a constant
  --> poker_l1/src/vm/contracts/texas_poker/events.rs:60:1
   |
60 | pub const DECK_REBUILT_REASON_RECONSTRUCT_COMPLETE: u8 = 1;
   | ^^^^^^^^^^^^^^^^^^^^^^^^^^^^^^^^^^^^^^^^^^^^^^^^^^^^^^

warning: missing documentation for a constant
  --> poker_l1/src/vm/contracts/texas_poker/events.rs:63:1
   |
63 | pub const TRIGGER_ACTION_CALL_ALL_IN: u8 = 0;
   | ^^^^^^^^^^^^^^^^^^^^^^^^^^^^^^^^^^^^^^^^

warning: missing documentation for a constant
  --> poker_l1/src/vm/contracts/texas_poker/events.rs:64:1
   |
64 | pub const TRIGGER_ACTION_RAISE_ALL_IN: u8 = 1;
   | ^^^^^^^^^^^^^^^^^^^^^^^^^^^^^^^^^^^^^^^^^

warning: missing documentation for a constant
  --> poker_l1/src/vm/contracts/texas_poker/events.rs:67:1
   |
67 | pub const POT_TYPE_MAIN: u8 = 0;
   | ^^^^^^^^^^^^^^^^^^^^^^^^^^^

warning: missing documentation for a constant
  --> poker_l1/src/vm/contracts/texas_poker/events.rs:68:1
   |
68 | pub const POT_TYPE_SIDE: u8 = 1;
   | ^^^^^^^^^^^^^^^^^^^^^^^^^^^

warning: missing documentation for a variant
  --> poker_l1/src/vm/contracts/texas_poker/events.rs:77:5
   |
77 |     TableCreated {
   |     ^^^^^^^^^^^^

warning: missing documentation for a struct field
  --> poker_l1/src/vm/contracts/texas_poker/events.rs:78:9
   |
78 |         table_id: ObjectID,
   |         ^^^^^^^^^^^^^^^^^^

warning: missing documentation for a struct field
  --> poker_l1/src/vm/contracts/texas_poker/events.rs:79:9
   |
79 |         name: String,
   |         ^^^^^^^^^^^^

warning: missing documentation for a variant
  --> poker_l1/src/vm/contracts/texas_poker/events.rs:81:5
   |
81 |     PlayerJoined {
   |     ^^^^^^^^^^^^

warning: missing documentation for a struct field
  --> poker_l1/src/vm/contracts/texas_poker/events.rs:82:9
   |
82 |         table_id: ObjectID,
   |         ^^^^^^^^^^^^^^^^^^

warning: missing documentation for a struct field
  --> poker_l1/src/vm/contracts/texas_poker/events.rs:83:9
   |
83 |         seat_index: u8,
   |         ^^^^^^^^^^^^^^

warning: missing documentation for a struct field
  --> poker_l1/src/vm/contracts/texas_poker/events.rs:84:9
   |
84 |         player: Address,
   |         ^^^^^^^^^^^^^^^

warning: missing documentation for a struct field
  --> poker_l1/src/vm/contracts/texas_poker/events.rs:85:9
   |
85 |         buy_in: u64,
   |         ^^^^^^^^^^^

warning: missing documentation for a struct field
  --> poker_l1/src/vm/contracts/texas_poker/events.rs:86:9
   |
86 |         is_waiting: bool,
   |         ^^^^^^^^^^^^^^^^

warning: missing documentation for a struct field
  --> poker_l1/src/vm/contracts/texas_poker/events.rs:87:9
   |
87 |         active_count_after: u64,
   |         ^^^^^^^^^^^^^^^^^^^^^^^

warning: missing documentation for a variant
  --> poker_l1/src/vm/contracts/texas_poker/events.rs:89:5
   |
89 |     PlayerLeft {
   |     ^^^^^^^^^^

warning: missing documentation for a struct field
  --> poker_l1/src/vm/contracts/texas_poker/events.rs:90:9
   |
90 |         table_id: ObjectID,
   |         ^^^^^^^^^^^^^^^^^^

warning: missing documentation for a struct field
  --> poker_l1/src/vm/contracts/texas_poker/events.rs:91:9
   |
91 |         seat_index: u8,
   |         ^^^^^^^^^^^^^^

warning: missing documentation for a struct field
  --> poker_l1/src/vm/contracts/texas_poker/events.rs:92:9
   |
92 |         player: Address,
   |         ^^^^^^^^^^^^^^^

warning: missing documentation for a struct field
   --> poker_l1/src/vm/contracts/texas_poker/events.rs:100:9
    |
100 |         table_id: ObjectID,
    |         ^^^^^^^^^^^^^^^^^^

warning: missing documentation for a struct field
   --> poker_l1/src/vm/contracts/texas_poker/events.rs:101:9
    |
101 |         seat_index: u8,
    |         ^^^^^^^^^^^^^^

warning: missing documentation for a struct field
   --> poker_l1/src/vm/contracts/texas_poker/events.rs:102:9
    |
102 |         player: Address,
    |         ^^^^^^^^^^^^^^^

warning: missing documentation for a variant
   --> poker_l1/src/vm/contracts/texas_poker/events.rs:108:5
    |
108 |     HandStarted {
    |     ^^^^^^^^^^^

warning: missing documentation for a struct field
   --> poker_l1/src/vm/contracts/texas_poker/events.rs:109:9
    |
109 |         table_id: ObjectID,
    |         ^^^^^^^^^^^^^^^^^^

warning: missing documentation for a struct field
   --> poker_l1/src/vm/contracts/texas_poker/events.rs:110:9
    |
110 |         button: u8,
    |         ^^^^^^^^^^

warning: missing documentation for a struct field
   --> poker_l1/src/vm/contracts/texas_poker/events.rs:111:9
    |
111 |         small_blind: u64,
    |         ^^^^^^^^^^^^^^^^

warning: missing documentation for a struct field
   --> poker_l1/src/vm/contracts/texas_poker/events.rs:112:9
    |
112 |         big_blind: u64,
    |         ^^^^^^^^^^^^^^

warning: missing documentation for a struct field
   --> poker_l1/src/vm/contracts/texas_poker/events.rs:113:9
    |
113 |         participants: Vec<u8>,
    |         ^^^^^^^^^^^^^^^^^^^^^

warning: missing documentation for a variant
   --> poker_l1/src/vm/contracts/texas_poker/events.rs:115:5
    |
115 |     BlindsPosted {
    |     ^^^^^^^^^^^^

warning: missing documentation for a struct field
   --> poker_l1/src/vm/contracts/texas_poker/events.rs:116:9
    |
116 |         table_id: ObjectID,
    |         ^^^^^^^^^^^^^^^^^^

warning: missing documentation for a struct field
   --> poker_l1/src/vm/contracts/texas_poker/events.rs:117:9
    |
117 |         sb_seat: u8,
    |         ^^^^^^^^^^^

warning: missing documentation for a struct field
   --> poker_l1/src/vm/contracts/texas_poker/events.rs:118:9
    |
118 |         bb_seat: u8,
    |         ^^^^^^^^^^^

warning: missing documentation for a struct field
   --> poker_l1/src/vm/contracts/texas_poker/events.rs:119:9
    |
119 |         sb_amount: u64,
    |         ^^^^^^^^^^^^^^

warning: missing documentation for a struct field
   --> poker_l1/src/vm/contracts/texas_poker/events.rs:120:9
    |
120 |         bb_amount: u64,
    |         ^^^^^^^^^^^^^^

warning: missing documentation for a struct field
   --> poker_l1/src/vm/contracts/texas_poker/events.rs:121:9
    |
121 |         first_to_act: u8,
    |         ^^^^^^^^^^^^^^^^

warning: missing documentation for a variant
   --> poker_l1/src/vm/contracts/texas_poker/events.rs:123:5
    |
123 |     BettingRoundStarted {
    |     ^^^^^^^^^^^^^^^^^^^

warning: missing documentation for a struct field
   --> poker_l1/src/vm/contracts/texas_poker/events.rs:124:9
    |
124 |         table_id: ObjectID,
    |         ^^^^^^^^^^^^^^^^^^

warning: missing documentation for a struct field
   --> poker_l1/src/vm/contracts/texas_poker/events.rs:125:9
    |
125 |         round_state: u8,
    |         ^^^^^^^^^^^^^^^

warning: missing documentation for a struct field
   --> poker_l1/src/vm/contracts/texas_poker/events.rs:126:9
    |
126 |         current_bet: u64,
    |         ^^^^^^^^^^^^^^^^

warning: missing documentation for a struct field
   --> poker_l1/src/vm/contracts/texas_poker/events.rs:127:9
    |
127 |         min_raise: u64,
    |         ^^^^^^^^^^^^^^

warning: missing documentation for a struct field
   --> poker_l1/src/vm/contracts/texas_poker/events.rs:128:9
    |
128 |         first_to_act: u8,
    |         ^^^^^^^^^^^^^^^^

warning: missing documentation for a struct field
   --> poker_l1/src/vm/contracts/texas_poker/events.rs:129:9
    |
129 |         pot_before: u64,
    |         ^^^^^^^^^^^^^^^

warning: missing documentation for a variant
   --> poker_l1/src/vm/contracts/texas_poker/events.rs:131:5
    |
131 |     RoundAdvanced {
    |     ^^^^^^^^^^^^^

warning: missing documentation for a struct field
   --> poker_l1/src/vm/contracts/texas_poker/events.rs:132:9
    |
132 |         table_id: ObjectID,
    |         ^^^^^^^^^^^^^^^^^^

warning: missing documentation for a struct field
   --> poker_l1/src/vm/contracts/texas_poker/events.rs:133:9
    |
133 |         from_round: u8,
    |         ^^^^^^^^^^^^^^

warning: missing documentation for a struct field
   --> poker_l1/src/vm/contracts/texas_poker/events.rs:134:9
    |
134 |         to_round: u8,
    |         ^^^^^^^^^^^^

warning: missing documentation for a struct field
   --> poker_l1/src/vm/contracts/texas_poker/events.rs:135:9
    |
135 |         pot: u64,
    |         ^^^^^^^^

warning: missing documentation for a struct field
   --> poker_l1/src/vm/contracts/texas_poker/events.rs:136:9
    |
136 |         community_cards_count: u64,
    |         ^^^^^^^^^^^^^^^^^^^^^^^^^^

warning: missing documentation for a variant
   --> poker_l1/src/vm/contracts/texas_poker/events.rs:138:5
    |
138 |     PotCollected {
    |     ^^^^^^^^^^^^

warning: missing documentation for a struct field
   --> poker_l1/src/vm/contracts/texas_poker/events.rs:139:9
    |
139 |         table_id: ObjectID,
    |         ^^^^^^^^^^^^^^^^^^

warning: missing documentation for a struct field
   --> poker_l1/src/vm/contracts/texas_poker/events.rs:140:9
    |
140 |         round_state: u8,
    |         ^^^^^^^^^^^^^^^

warning: missing documentation for a struct field
   --> poker_l1/src/vm/contracts/texas_poker/events.rs:141:9
    |
141 |         pot_after: u64,
    |         ^^^^^^^^^^^^^^

warning: missing documentation for a struct field
   --> poker_l1/src/vm/contracts/texas_poker/events.rs:142:9
    |
142 |         collected_from_seats: Vec<u8>,
    |         ^^^^^^^^^^^^^^^^^^^^^^^^^^^^^

warning: missing documentation for a variant
   --> poker_l1/src/vm/contracts/texas_poker/events.rs:144:5
    |
144 |     WinnerAwarded {
    |     ^^^^^^^^^^^^^

warning: missing documentation for a struct field
   --> poker_l1/src/vm/contracts/texas_poker/events.rs:145:9
    |
145 |         table_id: ObjectID,
    |         ^^^^^^^^^^^^^^^^^^

warning: missing documentation for a struct field
   --> poker_l1/src/vm/contracts/texas_poker/events.rs:146:9
    |
146 |         seat_index: u8,
    |         ^^^^^^^^^^^^^^

warning: missing documentation for a struct field
   --> poker_l1/src/vm/contracts/texas_poker/events.rs:147:9
    |
147 |         player: Address,
    |         ^^^^^^^^^^^^^^^

warning: missing documentation for a struct field
   --> poker_l1/src/vm/contracts/texas_poker/events.rs:148:9
    |
148 |         amount: u64,
    |         ^^^^^^^^^^^

warning: missing documentation for a variant
   --> poker_l1/src/vm/contracts/texas_poker/events.rs:154:5
    |
154 |     HandSettled {
    |     ^^^^^^^^^^^

warning: missing documentation for a struct field
   --> poker_l1/src/vm/contracts/texas_poker/events.rs:155:9
    |
155 |         table_id: ObjectID,
    |         ^^^^^^^^^^^^^^^^^^

warning: missing documentation for a struct field
   --> poker_l1/src/vm/contracts/texas_poker/events.rs:156:9
    |
156 |         pot: u64,
    |         ^^^^^^^^

warning: missing documentation for a struct field
   --> poker_l1/src/vm/contracts/texas_poker/events.rs:157:9
    |
157 |         winners: Vec<u8>,
    |         ^^^^^^^^^^^^^^^^

warning: missing documentation for a variant
   --> poker_l1/src/vm/contracts/texas_poker/events.rs:159:5
    |
159 |     HandEndedWithoutShowdown {
    |     ^^^^^^^^^^^^^^^^^^^^^^^^

warning: missing documentation for a struct field
   --> poker_l1/src/vm/contracts/texas_poker/events.rs:160:9
    |
160 |         table_id: ObjectID,
    |         ^^^^^^^^^^^^^^^^^^

warning: missing documentation for a struct field
   --> poker_l1/src/vm/contracts/texas_poker/events.rs:161:9
    |
161 |         winner_seat: u8,
    |         ^^^^^^^^^^^^^^^

warning: missing documentation for a struct field
   --> poker_l1/src/vm/contracts/texas_poker/events.rs:162:9
    |
162 |         winner_player: Address,
    |         ^^^^^^^^^^^^^^^^^^^^^^

warning: missing documentation for a struct field
   --> poker_l1/src/vm/contracts/texas_poker/events.rs:163:9
    |
163 |         pot: u64,
    |         ^^^^^^^^

warning: missing documentation for a variant
   --> poker_l1/src/vm/contracts/texas_poker/events.rs:165:5
    |
165 |     HandReset {
    |     ^^^^^^^^^

warning: missing documentation for a struct field
   --> poker_l1/src/vm/contracts/texas_poker/events.rs:166:9
    |
166 |         table_id: ObjectID,
    |         ^^^^^^^^^^^^^^^^^^

warning: missing documentation for a struct field
   --> poker_l1/src/vm/contracts/texas_poker/events.rs:167:9
    |
167 |         reason: u8,
    |         ^^^^^^^^^^

warning: missing documentation for a struct field
   --> poker_l1/src/vm/contracts/texas_poker/events.rs:168:9
    |
168 |         round_state: u8,
    |         ^^^^^^^^^^^^^^^

warning: missing documentation for a variant
   --> poker_l1/src/vm/contracts/texas_poker/events.rs:172:5
    |
172 |     PlayerFolded {
    |     ^^^^^^^^^^^^

warning: missing documentation for a struct field
   --> poker_l1/src/vm/contracts/texas_poker/events.rs:173:9
    |
173 |         table_id: ObjectID,
    |         ^^^^^^^^^^^^^^^^^^

warning: missing documentation for a struct field
   --> poker_l1/src/vm/contracts/texas_poker/events.rs:174:9
    |
174 |         seat_index: u8,
    |         ^^^^^^^^^^^^^^

warning: missing documentation for a struct field
   --> poker_l1/src/vm/contracts/texas_poker/events.rs:177:9
    |
177 |         round_state: u8,
    |         ^^^^^^^^^^^^^^^

warning: missing documentation for a variant
   --> poker_l1/src/vm/contracts/texas_poker/events.rs:179:5
    |
179 |     PlayerChecked {
    |     ^^^^^^^^^^^^^

warning: missing documentation for a struct field
   --> poker_l1/src/vm/contracts/texas_poker/events.rs:180:9
    |
180 |         table_id: ObjectID,
    |         ^^^^^^^^^^^^^^^^^^

warning: missing documentation for a struct field
   --> poker_l1/src/vm/contracts/texas_poker/events.rs:181:9
    |
181 |         seat_index: u8,
    |         ^^^^^^^^^^^^^^

warning: missing documentation for a struct field
   --> poker_l1/src/vm/contracts/texas_poker/events.rs:182:9
    |
182 |         round_state: u8,
    |         ^^^^^^^^^^^^^^^

warning: missing documentation for a variant
   --> poker_l1/src/vm/contracts/texas_poker/events.rs:184:5
    |
184 |     PlayerCalled {
    |     ^^^^^^^^^^^^

warning: missing documentation for a struct field
   --> poker_l1/src/vm/contracts/texas_poker/events.rs:185:9
    |
185 |         table_id: ObjectID,
    |         ^^^^^^^^^^^^^^^^^^

warning: missing documentation for a struct field
   --> poker_l1/src/vm/contracts/texas_poker/events.rs:186:9
    |
186 |         seat_index: u8,
    |         ^^^^^^^^^^^^^^

warning: missing documentation for a struct field
   --> poker_l1/src/vm/contracts/texas_poker/events.rs:187:9
    |
187 |         call_delta: u64,
    |         ^^^^^^^^^^^^^^^

warning: missing documentation for a struct field
   --> poker_l1/src/vm/contracts/texas_poker/events.rs:188:9
    |
188 |         round_state: u8,
    |         ^^^^^^^^^^^^^^^

warning: missing documentation for a variant
   --> poker_l1/src/vm/contracts/texas_poker/events.rs:190:5
    |
190 |     PlayerRaised {
    |     ^^^^^^^^^^^^

warning: missing documentation for a struct field
   --> poker_l1/src/vm/contracts/texas_poker/events.rs:191:9
    |
191 |         table_id: ObjectID,
    |         ^^^^^^^^^^^^^^^^^^

warning: missing documentation for a struct field
   --> poker_l1/src/vm/contracts/texas_poker/events.rs:192:9
    |
192 |         seat_index: u8,
    |         ^^^^^^^^^^^^^^

warning: missing documentation for a struct field
   --> poker_l1/src/vm/contracts/texas_poker/events.rs:193:9
    |
193 |         raise_delta: u64,
    |         ^^^^^^^^^^^^^^^^

warning: missing documentation for a struct field
   --> poker_l1/src/vm/contracts/texas_poker/events.rs:194:9
    |
194 |         total_bet: u64,
    |         ^^^^^^^^^^^^^^

warning: missing documentation for a struct field
   --> poker_l1/src/vm/contracts/texas_poker/events.rs:195:9
    |
195 |         round_state: u8,
    |         ^^^^^^^^^^^^^^^

warning: missing documentation for a variant
   --> poker_l1/src/vm/contracts/texas_poker/events.rs:197:5
    |
197 |     PlayerAllIn {
    |     ^^^^^^^^^^^

warning: missing documentation for a struct field
   --> poker_l1/src/vm/contracts/texas_poker/events.rs:198:9
    |
198 |         table_id: ObjectID,
    |         ^^^^^^^^^^^^^^^^^^

warning: missing documentation for a struct field
   --> poker_l1/src/vm/contracts/texas_poker/events.rs:199:9
    |
199 |         seat_index: u8,
    |         ^^^^^^^^^^^^^^

warning: missing documentation for a struct field
   --> poker_l1/src/vm/contracts/texas_poker/events.rs:202:9
    |
202 |         amount: u64,
    |         ^^^^^^^^^^^

warning: missing documentation for a struct field
   --> poker_l1/src/vm/contracts/texas_poker/events.rs:203:9
    |
203 |         round_state: u8,
    |         ^^^^^^^^^^^^^^^

warning: missing documentation for a variant
   --> poker_l1/src/vm/contracts/texas_poker/events.rs:207:5
    |
207 |     ShuffleVerified {
    |     ^^^^^^^^^^^^^^^

warning: missing documentation for a struct field
   --> poker_l1/src/vm/contracts/texas_poker/events.rs:208:9
    |
208 |         table_id: ObjectID,
    |         ^^^^^^^^^^^^^^^^^^

warning: missing documentation for a struct field
   --> poker_l1/src/vm/contracts/texas_poker/events.rs:209:9
    |
209 |         seat_index: u8,
    |         ^^^^^^^^^^^^^^

warning: missing documentation for a struct field
   --> poker_l1/src/vm/contracts/texas_poker/events.rs:210:9
    |
210 |         player: Address,
    |         ^^^^^^^^^^^^^^^

warning: missing documentation for a variant
   --> poker_l1/src/vm/contracts/texas_poker/events.rs:212:5
    |
212 |     ShuffleTurn {
    |     ^^^^^^^^^^^

warning: missing documentation for a struct field
   --> poker_l1/src/vm/contracts/texas_poker/events.rs:213:9
    |
213 |         table_id: ObjectID,
    |         ^^^^^^^^^^^^^^^^^^

warning: missing documentation for a struct field
   --> poker_l1/src/vm/contracts/texas_poker/events.rs:214:9
    |
214 |         seat_index: u8,
    |         ^^^^^^^^^^^^^^

warning: missing documentation for a struct field
   --> poker_l1/src/vm/contracts/texas_poker/events.rs:215:9
    |
215 |         pending_count: u64,
    |         ^^^^^^^^^^^^^^^^^^

warning: missing documentation for a struct field
   --> poker_l1/src/vm/contracts/texas_poker/events.rs:216:9
    |
216 |         completed_count: u64,
    |         ^^^^^^^^^^^^^^^^^^^^

warning: missing documentation for a variant
   --> poker_l1/src/vm/contracts/texas_poker/events.rs:218:5
    |
218 |     ShuffleComplete {
    |     ^^^^^^^^^^^^^^^

warning: missing documentation for a struct field
   --> poker_l1/src/vm/contracts/texas_poker/events.rs:219:9
    |
219 |         table_id: ObjectID,
    |         ^^^^^^^^^^^^^^^^^^

warning: missing documentation for a struct field
   --> poker_l1/src/vm/contracts/texas_poker/events.rs:220:9
    |
220 |         phase: u8,
    |         ^^^^^^^^^

warning: missing documentation for a struct field
   --> poker_l1/src/vm/contracts/texas_poker/events.rs:221:9
    |
221 |         participant_count: u64,
    |         ^^^^^^^^^^^^^^^^^^^^^^

warning: missing documentation for a struct field
   --> poker_l1/src/vm/contracts/texas_poker/events.rs:222:9
    |
222 |         deck_size: u64,
    |         ^^^^^^^^^^^^^^

warning: missing documentation for a variant
   --> poker_l1/src/vm/contracts/texas_poker/events.rs:224:5
    |
224 |     ShuffleTimeout {
    |     ^^^^^^^^^^^^^^

warning: missing documentation for a struct field
   --> poker_l1/src/vm/contracts/texas_poker/events.rs:225:9
    |
225 |         table_id: ObjectID,
    |         ^^^^^^^^^^^^^^^^^^

warning: missing documentation for a struct field
   --> poker_l1/src/vm/contracts/texas_poker/events.rs:226:9
    |
226 |         seat_index: u8,
    |         ^^^^^^^^^^^^^^

warning: missing documentation for a struct field
   --> poker_l1/src/vm/contracts/texas_poker/events.rs:227:9
    |
227 |         phase: u8,
    |         ^^^^^^^^^

warning: missing documentation for a struct field
   --> poker_l1/src/vm/contracts/texas_poker/events.rs:228:9
    |
228 |         started_at: u64,
    |         ^^^^^^^^^^^^^^^

warning: missing documentation for a struct field
   --> poker_l1/src/vm/contracts/texas_poker/events.rs:229:9
    |
229 |         timeout_ms: u64,
    |         ^^^^^^^^^^^^^^^

warning: missing documentation for a variant
   --> poker_l1/src/vm/contracts/texas_poker/events.rs:233:5
    |
233 |     RevealPhase {
    |     ^^^^^^^^^^^

warning: missing documentation for a struct field
   --> poker_l1/src/vm/contracts/texas_poker/events.rs:234:9
    |
234 |         table_id: ObjectID,
    |         ^^^^^^^^^^^^^^^^^^

warning: missing documentation for a struct field
   --> poker_l1/src/vm/contracts/texas_poker/events.rs:235:9
    |
235 |         phase: u8,
    |         ^^^^^^^^^

warning: missing documentation for a variant
   --> poker_l1/src/vm/contracts/texas_poker/events.rs:237:5
    |
237 |     RevealTokenSubmitted {
    |     ^^^^^^^^^^^^^^^^^^^^

warning: missing documentation for a struct field
   --> poker_l1/src/vm/contracts/texas_poker/events.rs:238:9
    |
238 |         table_id: ObjectID,
    |         ^^^^^^^^^^^^^^^^^^

warning: missing documentation for a struct field
   --> poker_l1/src/vm/contracts/texas_poker/events.rs:239:9
    |
239 |         seat_index: u8,
    |         ^^^^^^^^^^^^^^

warning: missing documentation for a struct field
   --> poker_l1/src/vm/contracts/texas_poker/events.rs:240:9
    |
240 |         card_index: u8,
    |         ^^^^^^^^^^^^^^

warning: missing documentation for a struct field
   --> poker_l1/src/vm/contracts/texas_poker/events.rs:241:9
    |
241 |         phase: u8,
    |         ^^^^^^^^^

warning: missing documentation for a variant
   --> poker_l1/src/vm/contracts/texas_poker/events.rs:243:5
    |
243 |     RevealPhaseComplete {
    |     ^^^^^^^^^^^^^^^^^^^

warning: missing documentation for a struct field
   --> poker_l1/src/vm/contracts/texas_poker/events.rs:244:9
    |
244 |         table_id: ObjectID,
    |         ^^^^^^^^^^^^^^^^^^

warning: missing documentation for a struct field
   --> poker_l1/src/vm/contracts/texas_poker/events.rs:245:9
    |
245 |         phase: u8,
    |         ^^^^^^^^^

warning: missing documentation for a variant
   --> poker_l1/src/vm/contracts/texas_poker/events.rs:247:5
    |
247 |     RevealTimeout {
    |     ^^^^^^^^^^^^^

warning: missing documentation for a struct field
   --> poker_l1/src/vm/contracts/texas_poker/events.rs:248:9
    |
248 |         table_id: ObjectID,
    |         ^^^^^^^^^^^^^^^^^^

warning: missing documentation for a struct field
   --> poker_l1/src/vm/contracts/texas_poker/events.rs:249:9
    |
249 |         phase: u8,
    |         ^^^^^^^^^

warning: missing documentation for a struct field
   --> poker_l1/src/vm/contracts/texas_poker/events.rs:250:9
    |
250 |         pending_players: Vec<u8>,
    |         ^^^^^^^^^^^^^^^^^^^^^^^^

warning: missing documentation for a variant
   --> poker_l1/src/vm/contracts/texas_poker/events.rs:252:5
    |
252 |     CardIsIdentity {
    |     ^^^^^^^^^^^^^^

warning: missing documentation for a struct field
   --> poker_l1/src/vm/contracts/texas_poker/events.rs:253:9
    |
253 |         table_id: ObjectID,
    |         ^^^^^^^^^^^^^^^^^^

warning: missing documentation for a struct field
   --> poker_l1/src/vm/contracts/texas_poker/events.rs:254:9
    |
254 |         card_index: u8,
    |         ^^^^^^^^^^^^^^

warning: missing documentation for a struct field
   --> poker_l1/src/vm/contracts/texas_poker/events.rs:255:9
    |
255 |         assignment_index: u8,
    |         ^^^^^^^^^^^^^^^^^^^^

warning: missing documentation for a struct field
   --> poker_l1/src/vm/contracts/texas_poker/events.rs:256:9
    |
256 |         phase: u8,
    |         ^^^^^^^^^

warning: missing documentation for a variant
   --> poker_l1/src/vm/contracts/texas_poker/events.rs:258:5
    |
258 |     IdentityRedeal {
    |     ^^^^^^^^^^^^^^

warning: missing documentation for a struct field
   --> poker_l1/src/vm/contracts/texas_poker/events.rs:259:9
    |
259 |         table_id: ObjectID,
    |         ^^^^^^^^^^^^^^^^^^

warning: missing documentation for a struct field
   --> poker_l1/src/vm/contracts/texas_poker/events.rs:260:9
    |
260 |         identity_card_indices: Vec<u8>,
    |         ^^^^^^^^^^^^^^^^^^^^^^^^^^^^^^

warning: missing documentation for a struct field
   --> poker_l1/src/vm/contracts/texas_poker/events.rs:261:9
    |
261 |         redeal_count: u64,
    |         ^^^^^^^^^^^^^^^^^

warning: missing documentation for a struct field
   --> poker_l1/src/vm/contracts/texas_poker/events.rs:262:9
    |
262 |         phase: u8,
    |         ^^^^^^^^^

warning: missing documentation for a variant
   --> poker_l1/src/vm/contracts/texas_poker/events.rs:264:5
    |
264 |     RedealRequested {
    |     ^^^^^^^^^^^^^^^

warning: missing documentation for a struct field
   --> poker_l1/src/vm/contracts/texas_poker/events.rs:265:9
    |
265 |         table_id: ObjectID,
    |         ^^^^^^^^^^^^^^^^^^

warning: missing documentation for a struct field
   --> poker_l1/src/vm/contracts/texas_poker/events.rs:266:9
    |
266 |         seat_index: u8,
    |         ^^^^^^^^^^^^^^

warning: missing documentation for a struct field
   --> poker_l1/src/vm/contracts/texas_poker/events.rs:267:9
    |
267 |         card_indices: Vec<u8>,
    |         ^^^^^^^^^^^^^^^^^^^^^

warning: missing documentation for a variant
   --> poker_l1/src/vm/contracts/texas_poker/events.rs:269:5
    |
269 |     CommunityCardRevealed {
    |     ^^^^^^^^^^^^^^^^^^^^^

warning: missing documentation for a struct field
   --> poker_l1/src/vm/contracts/texas_poker/events.rs:270:9
    |
270 |         table_id: ObjectID,
    |         ^^^^^^^^^^^^^^^^^^

warning: missing documentation for a struct field
   --> poker_l1/src/vm/contracts/texas_poker/events.rs:271:9
    |
271 |         phase: u8,
    |         ^^^^^^^^^

warning: missing documentation for a struct field
   --> poker_l1/src/vm/contracts/texas_poker/events.rs:272:9
    |
272 |         card_indices: Vec<u8>,
    |         ^^^^^^^^^^^^^^^^^^^^^

warning: missing documentation for a struct field
   --> poker_l1/src/vm/contracts/texas_poker/events.rs:273:9
    |
273 |         card_ranks: Vec<u8>,
    |         ^^^^^^^^^^^^^^^^^^^

warning: missing documentation for a struct field
   --> poker_l1/src/vm/contracts/texas_poker/events.rs:274:9
    |
274 |         card_suits: Vec<u8>,
    |         ^^^^^^^^^^^^^^^^^^^

warning: missing documentation for a variant
   --> poker_l1/src/vm/contracts/texas_poker/events.rs:276:5
    |
276 |     ShowdownHoleCardsRevealed {
    |     ^^^^^^^^^^^^^^^^^^^^^^^^^

warning: missing documentation for a struct field
   --> poker_l1/src/vm/contracts/texas_poker/events.rs:277:9
    |
277 |         table_id: ObjectID,
    |         ^^^^^^^^^^^^^^^^^^

warning: missing documentation for a struct field
   --> poker_l1/src/vm/contracts/texas_poker/events.rs:278:9
    |
278 |         seat_index: u8,
    |         ^^^^^^^^^^^^^^

warning: missing documentation for a struct field
   --> poker_l1/src/vm/contracts/texas_poker/events.rs:279:9
    |
279 |         player: Address,
    |         ^^^^^^^^^^^^^^^

warning: missing documentation for a struct field
   --> poker_l1/src/vm/contracts/texas_poker/events.rs:280:9
    |
280 |         card_indices: Vec<u8>,
    |         ^^^^^^^^^^^^^^^^^^^^^

warning: missing documentation for a struct field
   --> poker_l1/src/vm/contracts/texas_poker/events.rs:281:9
    |
281 |         card_ranks: Vec<u8>,
    |         ^^^^^^^^^^^^^^^^^^^

warning: missing documentation for a struct field
   --> poker_l1/src/vm/contracts/texas_poker/events.rs:282:9
    |
282 |         card_suits: Vec<u8>,
    |         ^^^^^^^^^^^^^^^^^^^

warning: missing documentation for a variant
   --> poker_l1/src/vm/contracts/texas_poker/events.rs:286:5
    |
286 |     ReconstructInitiated {
    |     ^^^^^^^^^^^^^^^^^^^^

warning: missing documentation for a struct field
   --> poker_l1/src/vm/contracts/texas_poker/events.rs:287:9
    |
287 |         table_id: ObjectID,
    |         ^^^^^^^^^^^^^^^^^^

warning: missing documentation for a struct field
   --> poker_l1/src/vm/contracts/texas_poker/events.rs:288:9
    |
288 |         expected_players: Vec<u8>,
    |         ^^^^^^^^^^^^^^^^^^^^^^^^^

warning: missing documentation for a struct field
   --> poker_l1/src/vm/contracts/texas_poker/events.rs:289:9
    |
289 |         round_state: u8,
    |         ^^^^^^^^^^^^^^^

warning: missing documentation for a variant
   --> poker_l1/src/vm/contracts/texas_poker/events.rs:291:5
    |
291 |     ReconstructDeckSubmitted {
    |     ^^^^^^^^^^^^^^^^^^^^^^^^

warning: missing documentation for a struct field
   --> poker_l1/src/vm/contracts/texas_poker/events.rs:292:9
    |
292 |         table_id: ObjectID,
    |         ^^^^^^^^^^^^^^^^^^

warning: missing documentation for a struct field
   --> poker_l1/src/vm/contracts/texas_poker/events.rs:293:9
    |
293 |         seat_index: u8,
    |         ^^^^^^^^^^^^^^

warning: missing documentation for a variant
   --> poker_l1/src/vm/contracts/texas_poker/events.rs:295:5
    |
295 |     ReconstructComplete {
    |     ^^^^^^^^^^^^^^^^^^^

warning: missing documentation for a struct field
   --> poker_l1/src/vm/contracts/texas_poker/events.rs:296:9
    |
296 |         table_id: ObjectID,
    |         ^^^^^^^^^^^^^^^^^^

warning: missing documentation for a variant
   --> poker_l1/src/vm/contracts/texas_poker/events.rs:298:5
    |
298 |     ReconstructTimeout {
    |     ^^^^^^^^^^^^^^^^^^

warning: missing documentation for a struct field
   --> poker_l1/src/vm/contracts/texas_poker/events.rs:299:9
    |
299 |         table_id: ObjectID,
    |         ^^^^^^^^^^^^^^^^^^

warning: missing documentation for a struct field
   --> poker_l1/src/vm/contracts/texas_poker/events.rs:300:9
    |
300 |         pending_players: Vec<u8>,
    |         ^^^^^^^^^^^^^^^^^^^^^^^^

warning: missing documentation for a variant
   --> poker_l1/src/vm/contracts/texas_poker/events.rs:304:5
    |
304 |     PlayerKicked {
    |     ^^^^^^^^^^^^

warning: missing documentation for a struct field
   --> poker_l1/src/vm/contracts/texas_poker/events.rs:305:9
    |
305 |         table_id: ObjectID,
    |         ^^^^^^^^^^^^^^^^^^

warning: missing documentation for a struct field
   --> poker_l1/src/vm/contracts/texas_poker/events.rs:306:9
    |
306 |         seat_index: u8,
    |         ^^^^^^^^^^^^^^

warning: missing documentation for a struct field
   --> poker_l1/src/vm/contracts/texas_poker/events.rs:307:9
    |
307 |         player: Address,
    |         ^^^^^^^^^^^^^^^

warning: missing documentation for a struct field
   --> poker_l1/src/vm/contracts/texas_poker/events.rs:308:9
    |
308 |         reason: KickCause,
    |         ^^^^^^^^^^^^^^^^^

warning: missing documentation for a variant
   --> poker_l1/src/vm/contracts/texas_poker/events.rs:310:5
    |
310 |     PlayerRefund {
    |     ^^^^^^^^^^^^

warning: missing documentation for a struct field
   --> poker_l1/src/vm/contracts/texas_poker/events.rs:311:9
    |
311 |         table_id: ObjectID,
    |         ^^^^^^^^^^^^^^^^^^

warning: missing documentation for a struct field
   --> poker_l1/src/vm/contracts/texas_poker/events.rs:312:9
    |
312 |         seat_index: u8,
    |         ^^^^^^^^^^^^^^

warning: missing documentation for a struct field
   --> poker_l1/src/vm/contracts/texas_poker/events.rs:313:9
    |
313 |         player: Address,
    |         ^^^^^^^^^^^^^^^

warning: missing documentation for a struct field
   --> poker_l1/src/vm/contracts/texas_poker/events.rs:314:9
    |
314 |         amount: u64,
    |         ^^^^^^^^^^^

warning: missing documentation for a struct field
   --> poker_l1/src/vm/contracts/texas_poker/events.rs:315:9
    |
315 |         refund_type: u8,
    |         ^^^^^^^^^^^^^^^

warning: missing documentation for a variant
   --> poker_l1/src/vm/contracts/texas_poker/events.rs:319:5
    |
319 |     TimeoutConfigUpdated {
    |     ^^^^^^^^^^^^^^^^^^^^

warning: missing documentation for a struct field
   --> poker_l1/src/vm/contracts/texas_poker/events.rs:320:9
    |
320 |         table_id: ObjectID,
    |         ^^^^^^^^^^^^^^^^^^

warning: missing documentation for a struct field
   --> poker_l1/src/vm/contracts/texas_poker/events.rs:321:9
    |
321 |         betting_timeout_ms: u64,
    |         ^^^^^^^^^^^^^^^^^^^^^^^

warning: missing documentation for a struct field
   --> poker_l1/src/vm/contracts/texas_poker/events.rs:322:9
    |
322 |         shuffle_timeout_ms: u64,
    |         ^^^^^^^^^^^^^^^^^^^^^^^

warning: missing documentation for a struct field
   --> poker_l1/src/vm/contracts/texas_poker/events.rs:323:9
    |
323 |         reveal_timeout_ms: u64,
    |         ^^^^^^^^^^^^^^^^^^^^^^

warning: missing documentation for a struct field
   --> poker_l1/src/vm/contracts/texas_poker/events.rs:324:9
    |
324 |         reconstruct_timeout_ms: u64,
    |         ^^^^^^^^^^^^^^^^^^^^^^^^^^^

warning: missing documentation for a struct field
   --> poker_l1/src/vm/contracts/texas_poker/events.rs:325:9
    |
325 |         showdown_display_ms: u64,
    |         ^^^^^^^^^^^^^^^^^^^^^^^^

warning: missing documentation for a variant
   --> poker_l1/src/vm/contracts/texas_poker/events.rs:327:5
    |
327 |     DeckRebuilt {
    |     ^^^^^^^^^^^

warning: missing documentation for a struct field
   --> poker_l1/src/vm/contracts/texas_poker/events.rs:328:9
    |
328 |         table_id: ObjectID,
    |         ^^^^^^^^^^^^^^^^^^

warning: missing documentation for a struct field
   --> poker_l1/src/vm/contracts/texas_poker/events.rs:329:9
    |
329 |         reason: u8,
    |         ^^^^^^^^^^

warning: missing documentation for a struct field
   --> poker_l1/src/vm/contracts/texas_poker/events.rs:330:9
    |
330 |         deck_size: u64,
    |         ^^^^^^^^^^^^^^

warning: missing documentation for a variant
   --> poker_l1/src/vm/contracts/texas_poker/events.rs:332:5
    |
332 |     CurrentTurnChanged {
    |     ^^^^^^^^^^^^^^^^^^

warning: missing documentation for a struct field
   --> poker_l1/src/vm/contracts/texas_poker/events.rs:333:9
    |
333 |         table_id: ObjectID,
    |         ^^^^^^^^^^^^^^^^^^

warning: missing documentation for a struct field
   --> poker_l1/src/vm/contracts/texas_poker/events.rs:334:9
    |
334 |         old_turn: Option<u8>,
    |         ^^^^^^^^^^^^^^^^^^^^

warning: missing documentation for a struct field
   --> poker_l1/src/vm/contracts/texas_poker/events.rs:335:9
    |
335 |         new_turn: Option<u8>,
    |         ^^^^^^^^^^^^^^^^^^^^

warning: missing documentation for a struct field
   --> poker_l1/src/vm/contracts/texas_poker/events.rs:336:9
    |
336 |         round_state: u8,
    |         ^^^^^^^^^^^^^^^

warning: missing documentation for a struct field
   --> poker_l1/src/vm/contracts/texas_poker/events.rs:342:9
    |
342 |         table_id: ObjectID,
    |         ^^^^^^^^^^^^^^^^^^

warning: missing documentation for a struct field
   --> poker_l1/src/vm/contracts/texas_poker/events.rs:343:9
    |
343 |         seat_index: u8,
    |         ^^^^^^^^^^^^^^

warning: missing documentation for a struct field
   --> poker_l1/src/vm/contracts/texas_poker/events.rs:344:9
    |
344 |         player: Address,
    |         ^^^^^^^^^^^^^^^

warning: missing documentation for a struct field
   --> poker_l1/src/vm/contracts/texas_poker/events.rs:345:9
    |
345 |         amount: u64,
    |         ^^^^^^^^^^^

warning: missing documentation for a struct field
   --> poker_l1/src/vm/contracts/texas_poker/events.rs:346:9
    |
346 |         pending_after: u64,
    |         ^^^^^^^^^^^^^^^^^^

warning: missing documentation for a struct field
   --> poker_l1/src/vm/contracts/texas_poker/events.rs:350:9
    |
350 |         table_id: ObjectID,
    |         ^^^^^^^^^^^^^^^^^^

warning: missing documentation for a struct field
   --> poker_l1/src/vm/contracts/texas_poker/events.rs:351:9
    |
351 |         seat_index: u8,
    |         ^^^^^^^^^^^^^^

warning: missing documentation for a struct field
   --> poker_l1/src/vm/contracts/texas_poker/events.rs:352:9
    |
352 |         player: Address,
    |         ^^^^^^^^^^^^^^^

warning: missing documentation for a struct field
   --> poker_l1/src/vm/contracts/texas_poker/events.rs:353:9
    |
353 |         amount: u64,
    |         ^^^^^^^^^^^

warning: missing documentation for a struct field
   --> poker_l1/src/vm/contracts/texas_poker/events.rs:354:9
    |
354 |         stack_after: u64,
    |         ^^^^^^^^^^^^^^^^

warning: missing documentation for a struct field
   --> poker_l1/src/vm/contracts/texas_poker/events.rs:358:9
    |
358 |         table_id: ObjectID,
    |         ^^^^^^^^^^^^^^^^^^

warning: missing documentation for a struct field
   --> poker_l1/src/vm/contracts/texas_poker/events.rs:359:9
    |
359 |         seat_index: u8,
    |         ^^^^^^^^^^^^^^

warning: missing documentation for a struct field
   --> poker_l1/src/vm/contracts/texas_poker/events.rs:360:9
    |
360 |         player: Address,
    |         ^^^^^^^^^^^^^^^

warning: missing documentation for a struct field
   --> poker_l1/src/vm/contracts/texas_poker/events.rs:361:9
    |
361 |         amount: u64,
    |         ^^^^^^^^^^^

warning: missing documentation for a struct field
   --> poker_l1/src/vm/contracts/texas_poker/events.rs:362:9
    |
362 |         stack_after: u64,
    |         ^^^^^^^^^^^^^^^^

warning: missing documentation for a struct field
   --> poker_l1/src/vm/contracts/texas_poker/events.rs:368:9
    |
368 |         table_id: ObjectID,
    |         ^^^^^^^^^^^^^^^^^^

warning: missing documentation for a struct field
   --> poker_l1/src/vm/contracts/texas_poker/events.rs:369:9
    |
369 |         seat_index: u8,
    |         ^^^^^^^^^^^^^^

warning: missing documentation for a struct field
   --> poker_l1/src/vm/contracts/texas_poker/events.rs:370:9
    |
370 |         amount: u64,
    |         ^^^^^^^^^^^

warning: missing documentation for a struct field
   --> poker_l1/src/vm/contracts/texas_poker/events.rs:371:9
    |
371 |         round_state: u8,
    |         ^^^^^^^^^^^^^^^

warning: missing documentation for a struct field
   --> poker_l1/src/vm/contracts/texas_poker/events.rs:377:9
    |
377 |         table_id: ObjectID,
    |         ^^^^^^^^^^^^^^^^^^

warning: missing documentation for a struct field
   --> poker_l1/src/vm/contracts/texas_poker/events.rs:378:9
    |
378 |         seat_index: u8,
    |         ^^^^^^^^^^^^^^

warning: missing documentation for a struct field
   --> poker_l1/src/vm/contracts/texas_poker/events.rs:379:9
    |
379 |         consumed_ms: u64,
    |         ^^^^^^^^^^^^^^^^

warning: missing documentation for a struct field
   --> poker_l1/src/vm/contracts/texas_poker/events.rs:380:9
    |
380 |         remaining_ms: u64,
    |         ^^^^^^^^^^^^^^^^^

warning: missing documentation for a struct field
   --> poker_l1/src/vm/contracts/texas_poker/events.rs:386:9
    |
386 |         table_id: ObjectID,
    |         ^^^^^^^^^^^^^^^^^^

warning: missing documentation for a struct field
   --> poker_l1/src/vm/contracts/texas_poker/events.rs:387:9
    |
387 |         seat_index: u8,
    |         ^^^^^^^^^^^^^^

warning: missing documentation for a struct field
   --> poker_l1/src/vm/contracts/texas_poker/events.rs:388:9
    |
388 |         amount: u64,
    |         ^^^^^^^^^^^

warning: missing documentation for a struct field
   --> poker_l1/src/vm/contracts/texas_poker/events.rs:389:9
    |
389 |         ante_mode: u8,
    |         ^^^^^^^^^^^^^

warning: missing documentation for a struct field
   --> poker_l1/src/vm/contracts/texas_poker/events.rs:395:9
    |
395 |         table_id: ObjectID,
    |         ^^^^^^^^^^^^^^^^^^

warning: missing documentation for a struct field
   --> poker_l1/src/vm/contracts/texas_poker/events.rs:396:9
    |
396 |         pot_before: u64,
    |         ^^^^^^^^^^^^^^^

warning: missing documentation for a struct field
   --> poker_l1/src/vm/contracts/texas_poker/events.rs:397:9
    |
397 |         rake_amount: u64,
    |         ^^^^^^^^^^^^^^^^

warning: missing documentation for a struct field
   --> poker_l1/src/vm/contracts/texas_poker/events.rs:398:9
    |
398 |         pot_after: u64,
    |         ^^^^^^^^^^^^^^

warning: missing documentation for a struct field
   --> poker_l1/src/vm/contracts/texas_poker/events.rs:399:9
    |
399 |         rake_mode: u8,
    |         ^^^^^^^^^^^^^

warning: missing documentation for a struct field
   --> poker_l1/src/vm/contracts/texas_poker/events.rs:405:9
    |
405 |         table_id: ObjectID,
    |         ^^^^^^^^^^^^^^^^^^

warning: missing documentation for a struct field
   --> poker_l1/src/vm/contracts/texas_poker/events.rs:406:9
    |
406 |         board1_cards: u8, // 牌数
    |         ^^^^^^^^^^^^^^^^

warning: missing documentation for a struct field
   --> poker_l1/src/vm/contracts/texas_poker/events.rs:407:9
    |
407 |         board2_cards: u8,
    |         ^^^^^^^^^^^^^^^^

warning: missing documentation for a constant
  --> poker_l1/src/vm/contracts/texas_poker/hand_evaluator.rs:18:1
   |
18 | pub const HIGH_CARD: u8 = 0;
   | ^^^^^^^^^^^^^^^^^^^^^^^

warning: missing documentation for a constant
  --> poker_l1/src/vm/contracts/texas_poker/hand_evaluator.rs:19:1
   |
19 | pub const ONE_PAIR: u8 = 1;
   | ^^^^^^^^^^^^^^^^^^^^^^

warning: missing documentation for a constant
  --> poker_l1/src/vm/contracts/texas_poker/hand_evaluator.rs:20:1
   |
20 | pub const TWO_PAIR: u8 = 2;
   | ^^^^^^^^^^^^^^^^^^^^^^

warning: missing documentation for a constant
  --> poker_l1/src/vm/contracts/texas_poker/hand_evaluator.rs:21:1
   |
21 | pub const THREE_OF_A_KIND: u8 = 3;
   | ^^^^^^^^^^^^^^^^^^^^^^^^^^^^^

warning: missing documentation for a constant
  --> poker_l1/src/vm/contracts/texas_poker/hand_evaluator.rs:22:1
   |
22 | pub const STRAIGHT: u8 = 4;
   | ^^^^^^^^^^^^^^^^^^^^^^

warning: missing documentation for a constant
  --> poker_l1/src/vm/contracts/texas_poker/hand_evaluator.rs:23:1
   |
23 | pub const FLUSH: u8 = 5;
   | ^^^^^^^^^^^^^^^^^^^

warning: missing documentation for a constant
  --> poker_l1/src/vm/contracts/texas_poker/hand_evaluator.rs:24:1
   |
24 | pub const FULL_HOUSE: u8 = 6;
   | ^^^^^^^^^^^^^^^^^^^^^^^^

warning: missing documentation for a constant
  --> poker_l1/src/vm/contracts/texas_poker/hand_evaluator.rs:25:1
   |
25 | pub const FOUR_OF_A_KIND: u8 = 7;
   | ^^^^^^^^^^^^^^^^^^^^^^^^^^^^

warning: missing documentation for a constant
  --> poker_l1/src/vm/contracts/texas_poker/hand_evaluator.rs:26:1
   |
26 | pub const STRAIGHT_FLUSH: u8 = 8;
   | ^^^^^^^^^^^^^^^^^^^^^^^^^^^^

warning: missing documentation for a constant
  --> poker_l1/src/vm/contracts/texas_poker/hand_evaluator.rs:27:1
   |
27 | pub const ROYAL_FLUSH: u8 = 9;
   | ^^^^^^^^^^^^^^^^^^^^^^^^^

warning: missing documentation for a struct field
  --> poker_l1/src/vm/contracts/texas_poker/hand_evaluator.rs:46:5
   |
46 |     pub category: u8,
   |     ^^^^^^^^^^^^^^^^

warning: missing documentation for a struct field
  --> poker_l1/src/vm/contracts/texas_poker/hand_evaluator.rs:47:5
   |
47 |     pub kickers: [u8; 5],
   |     ^^^^^^^^^^^^^^^^^^^^

warning: missing documentation for a type alias
  --> poker_l1/src/vm/contracts/texas_poker/types.rs:37:1
   |
37 | pub type TableCurve = super::super::stark_compat::StarkCurve;
   | ^^^^^^^^^^^^^^^^^^^

warning: missing documentation for a type alias
  --> poker_l1/src/vm/contracts/texas_poker/types.rs:38:1
   |
38 | pub type TablePoint = super::super::stark_compat::StarkPoint;
   | ^^^^^^^^^^^^^^^^^^^

warning: missing documentation for a type alias
  --> poker_l1/src/vm/contracts/texas_poker/types.rs:39:1
   |
39 | pub type TableScalar = super::super::stark_compat::StarkScalar;
   | ^^^^^^^^^^^^^^^^^^^^

warning: missing documentation for a struct field
   --> poker_l1/src/vm/contracts/texas_poker/state_machine.rs:131:12
    |
131 |     Fold { reason: u8 },
    |            ^^^^^^^^^^

warning: `poker_l1` (lib) generated 377 warnings (run `cargo fix --lib -p poker_l1` to apply 7 suggestions)
warning: unused import: `VertexEquivocationEvidence`
  --> poker_l1/tests/phase7_integration.rs:28:37
   |
28 |     SlashingConfig, SlashingReason, VertexEquivocationEvidence, apply_slashing,
   |                                     ^^^^^^^^^^^^^^^^^^^^^^^^^^
   |
   = note: `#[warn(unused_imports)]` (part of `#[warn(unused)]`) on by default

warning: unused import: `CurvePoint`
  --> poker_l1/tests/live_game_e2e.rs:14:45
   |
14 | use poker_l1::vm::contracts::stark_compat::{CurvePoint, CurveScalar, StarkPoint, StarkPointExt, StarkScalar, StarkScalarExt};
   |                                             ^^^^^^^^^^
   |
   = note: `#[warn(unused_imports)]` (part of `#[warn(unused)]`) on by default

warning: function `bytes_hex` is never used
   --> poker_l1/tests/live_game_e2e.rs:628:4
    |
628 | fn bytes_hex(b: &[u8]) -> String {
    |    ^^^^^^^^^
    |
    = note: `#[warn(dead_code)]` (part of `#[warn(unused)]`) on by default

warning: `poker_l1` (test "phase7_integration") generated 1 warning (run `cargo fix --test "phase7_integration" -p poker_l1` to apply 1 suggestion)
warning: `poker_l1` (test "live_game_e2e") generated 2 warnings
warning: variable does not need to be mutable
   --> poker_l1/tests/phase6_integration.rs:916:13
    |
916 |         let mut manager = GossipManager::new();
    |             ----^^^^^^^
    |             |
    |             help: remove this `mut`
    |
    = note: `#[warn(unused_mut)]` (part of `#[warn(unused)]`) on by default

warning: function `dummy_tx` is never used
   --> poker_l1/tests/phase6_integration.rs:132:4
    |
132 | fn dummy_tx(nonce: u64) -> Transaction {
    |    ^^^^^^^^
    |
    = note: `#[warn(dead_code)]` (part of `#[warn(unused)]`) on by default

warning: unused import: `crate::consensus::validator_set::ValidatorEntry`
    --> poker_l1/src/consensus/checkpoint.rs:1140:9
     |
1140 |     use crate::consensus::validator_set::ValidatorEntry;
     |         ^^^^^^^^^^^^^^^^^^^^^^^^^^^^^^^^^^^^^^^^^^^^^^^
     |
     = note: `#[warn(unused_imports)]` (part of `#[warn(unused)]`) on by default

warning: unused import: `encode_tag`
    --> poker_l1/src/consensus/checkpoint.rs:1141:60
     |
1141 |     use crate::signature::tagged_pubkey::{SignatureScheme, encode_tag};
     |                                                            ^^^^^^^^^^

warning: unused import: `SlashLedger as L2`
   --> poker_l1/src/consensus/slash.rs:730:17
    |
730 |     use super::{SlashLedger as L2, SlashReconciliationRow};
    |                 ^^^^^^^^^^^^^^^^^

warning: unused import: `rand::rngs::OsRng`
   --> poker_l1/src/consensus/slashing.rs:950:13
    |
950 |         use rand::rngs::OsRng;
    |             ^^^^^^^^^^^^^^^^^

warning: unused import: `crate::consensus::checkpoint`
   --> poker_l1/src/consensus/threshold_bls.rs:492:9
    |
492 |     use crate::consensus::checkpoint;
    |         ^^^^^^^^^^^^^^^^^^^^^^^^^^^^

warning: unused import: `blstrs::G1Projective`
    --> poker_l1/src/economics/mod.rs:1143:9
     |
1143 |     use blstrs::G1Projective;
     |         ^^^^^^^^^^^^^^^^^^^^

warning: unused import: `group::Group`
    --> poker_l1/src/economics/mod.rs:1144:9
     |
1144 |     use group::Group;
     |         ^^^^^^^^^^^^

warning: unused import: `poker_protocol::crypto::types::ECPoint`
    --> poker_l1/src/economics/mod.rs:1145:9
     |
1145 |     use poker_protocol::crypto::types::ECPoint;
     |         ^^^^^^^^^^^^^^^^^^^^^^^^^^^^^^^^^^^^^^

warning: unused import: `BlockHeader`
  --> poker_l1/src/indexer/mod.rs:33:27
   |
33 | use crate::block::{Block, BlockHeader};
   |                           ^^^^^^^^^^^

warning: unused import: `crate::signature::TaggedPubkey`
   --> poker_l1/src/vm/contracts/game_precompile.rs:127:9
    |
127 |     use crate::signature::TaggedPubkey;
    |         ^^^^^^^^^^^^^^^^^^^^^^^^^^^^^^

warning: use of deprecated method `sync::FastSync::<'a>::catch_up_blocks`: use catch_up_blocks_from_network with a Node::put_block execution callback
   --> poker_l1/src/sync/mod.rs:979:32
    |
979 |         let caught = fast_sync.catch_up_blocks(100).unwrap();
    |                                ^^^^^^^^^^^^^^^
    |
    = note: `#[warn(deprecated)]` on by default

warning: unused variable: `sender2`
    --> poker_l1/src/indexer/mod.rs:1008:13
     |
1008 |         let sender2 = derive_address(&make_tagged_pubkey(0x02));
     |             ^^^^^^^ help: if this is intentional, prefix it with an underscore: `_sender2`
     |
     = note: `#[warn(unused_variables)]` (part of `#[warn(unused)]`) on by default

warning: variable does not need to be mutable
    --> poker_l1/src/node/mod.rs:4659:13
     |
4659 |         let mut vertex = DagVertex {
     |             ----^^^^^^
     |             |
     |             help: remove this `mut`

warning: variable does not need to be mutable
    --> poker_l1/src/node/mod.rs:4987:13
     |
4987 |         let mut gameturn_tx = Transaction {
     |             ----^^^^^^^^^^^
     |             |
     |             help: remove this `mut`

warning: variable does not need to be mutable
   --> poker_l1/src/offline/state.rs:734:13
    |
734 |         let mut registry = make_registry_with_all_verifiers();
    |             ----^^^^^^^^
    |             |
    |             help: remove this `mut`

warning: variable does not need to be mutable
   --> poker_l1/src/offline/zk_verifier.rs:661:13
    |
661 |         let mut registry = ZkVerifierRegistry::new();
    |             ----^^^^^^^^
    |             |
    |             help: remove this `mut`

warning: variable does not need to be mutable
   --> poker_l1/src/storage/object_db_snapshot.rs:342:13
    |
342 |         let mut snap: Box<dyn ObjectBackend> = Box::new(db.create_snapshot());
    |             ----^^^^
    |             |
    |             help: remove this `mut`

warning: unused variable: `operator`
    --> poker_l1/src/vm/contracts/cairo_fact_registry.rs:1001:14
     |
1001 |         let (operator, operator_pk) = make_actor(0x21);
     |              ^^^^^^^^ help: if this is intentional, prefix it with an underscore: `_operator`

warning: function `dump_persisted_burn_nonces` is never used
   --> poker_l1/src/storage/bridge_registry_store.rs:172:15
    |
172 | pub(crate) fn dump_persisted_burn_nonces(store: &BridgeRegistryStore) -> BTreeSet<(ChainId, u64)> {
    |               ^^^^^^^^^^^^^^^^^^^^^^^^^^

warning: function `make_env` is never used
   --> poker_l1/src/vm/contracts/game_precompile.rs:129:8
    |
129 |     fn make_env() -> ExecutionEnvironment {
    |        ^^^^^^^^

warning: method `board` is never used
   --> poker_l1/src/vm/contracts/texas_poker/settlement.rs:153:8
    |
 96 | impl SettlementBoards {
    | --------------------- method in this implementation
...
153 |     fn board(&self, runout_index: usize) -> &[Card] {
    |        ^^^^^

warning: calls to `std::mem::drop` with a reference instead of an owned value does nothing
   --> poker_l1/src/account/mod.rs:490:9
    |
490 |         drop(account); // 释放 &mut 借用，以便调用 persist(&self)
    |         ^^^^^-------^
    |              |
    |              argument has type `&mut account::Account`
    |
    = note: `#[warn(dropping_references)]` on by default
help: use `let _ = ...` to ignore the expression or result
    |
490 -         drop(account); // 释放 &mut 借用，以便调用 persist(&self)
490 +         let _ = account; // 释放 &mut 借用，以便调用 persist(&self)
    |

warning: unused return value of `texas_poker::types::TexasPokerTable::new` that must be used
    --> poker_l1/src/vm/contracts/texas_poker/types.rs:3453:13
     |
3453 |             TexasPokerTable::new(dummy_table_id(), "x".into(), EMPTY_PLAYER, 1, 50, 100);
     |             ^^^^^^^^^^^^^^^^^^^^^^^^^^^^^^^^^^^^^^^^^^^^^^^^^^^^^^^^^^^^^^^^^^^^^^^^^^^^
     |
     = note: `#[warn(unused_must_use)]` (part of `#[warn(unused)]`) on by default
help: use `let _ = ...` to ignore the resulting value
     |
3453 |             let _ = TexasPokerTable::new(dummy_table_id(), "x".into(), EMPTY_PLAYER, 1, 50, 100);
     |             +++++++

warning: unused return value of `texas_poker::types::TexasPokerTable::new` that must be used
    --> poker_l1/src/vm/contracts/texas_poker/types.rs:3459:13
     |
3459 |             TexasPokerTable::new(dummy_table_id(), "x".into(), EMPTY_PLAYER, 10, 50, 100);
     |             ^^^^^^^^^^^^^^^^^^^^^^^^^^^^^^^^^^^^^^^^^^^^^^^^^^^^^^^^^^^^^^^^^^^^^^^^^^^^^
     |
help: use `let _ = ...` to ignore the resulting value
     |
3459 |             let _ = TexasPokerTable::new(dummy_table_id(), "x".into(), EMPTY_PLAYER, 10, 50, 100);
     |             +++++++

warning: unused return value of `texas_poker::types::TexasPokerTable::new` that must be used
    --> poker_l1/src/vm/contracts/texas_poker/types.rs:3465:13
     |
3465 |             TexasPokerTable::new(dummy_table_id(), "x".into(), EMPTY_PLAYER, 6, 50, 0);
     |             ^^^^^^^^^^^^^^^^^^^^^^^^^^^^^^^^^^^^^^^^^^^^^^^^^^^^^^^^^^^^^^^^^^^^^^^^^^
     |
help: use `let _ = ...` to ignore the resulting value
     |
3465 |             let _ = TexasPokerTable::new(dummy_table_id(), "x".into(), EMPTY_PLAYER, 6, 50, 0);
     |             +++++++

warning: unused return value of `texas_poker::types::TexasPokerTable::new` that must be used
    --> poker_l1/src/vm/contracts/texas_poker/types.rs:3471:13
     |
3471 |             TexasPokerTable::new(dummy_table_id(), "x".into(), EMPTY_PLAYER, 6, 200, 100);
     |             ^^^^^^^^^^^^^^^^^^^^^^^^^^^^^^^^^^^^^^^^^^^^^^^^^^^^^^^^^^^^^^^^^^^^^^^^^^^^^
     |
help: use `let _ = ...` to ignore the resulting value
     |
3471 |             let _ = TexasPokerTable::new(dummy_table_id(), "x".into(), EMPTY_PLAYER, 6, 200, 100);
     |             +++++++

warning: unused imports: `StarkScalarExt` and `StarkScalar`
 --> poker_l1/tests/texas_poker_unit.rs:3:97
  |
3 | use poker_l1::vm::contracts::stark_compat::{CurvePoint, CurveScalar, StarkPoint, StarkPointExt, StarkScalar, StarkScalarExt};
  |                                                                                                 ^^^^^^^^^^^  ^^^^^^^^^^^^^^
  |
  = note: `#[warn(unused_imports)]` (part of `#[warn(unused)]`) on by default

warning: unused import: `CurveScalar`
 --> poker_l1/tests/texas_poker_unit.rs:3:57
  |
3 | use poker_l1::vm::contracts::stark_compat::{CurvePoint, CurveScalar, StarkPoint, StarkPointExt, StarkScalar, StarkScalarExt};
  |                                                         ^^^^^^^^^^^

warning: unused return value of `SidePot::is_eligible` that must be used
    --> poker_l1/tests/texas_poker_unit.rs:1301:13
     |
1301 |             pot.is_eligible(16);
     |             ^^^^^^^^^^^^^^^^^^^
     |
     = note: `#[warn(unused_must_use)]` (part of `#[warn(unused)]`) on by default
help: use `let _ = ...` to ignore the resulting value
     |
1301 |             let _ = pot.is_eligible(16);
     |             +++++++

warning: `poker_l1` (test "phase6_integration") generated 2 warnings (run `cargo fix --test "phase6_integration" -p poker_l1` to apply 1 suggestion)
warning: `poker_l1` (lib test) generated 399 warnings (373 duplicates) (run `cargo fix --lib -p poker_l1 --tests` to apply 17 suggestions)
warning: `poker_l1` (test "texas_poker_unit") generated 3 warnings (run `cargo fix --test "texas_poker_unit" -p poker_l1` to apply 1 suggestion)
    Finished `test` profile [unoptimized + debuginfo] target(s) in 0.22s
     Running unittests src/lib.rs (target/debug/deps/poker_l1-8eb0882a50046e3d)

running 1940 tests
test account::tests::account_new_derives_address ... ok
test account::tests::account_bcs_roundtrip ... ok
test account::tests::account_store_create_collision_fails ... ok
test account::tests::account_store_create_and_get ... ok
test account::tests::account_store_is_empty ... ok
test account::tests::account_store_credit ... ok
test account::tests::apply_gameturn_tx_increments_nonce ... ok
test account::tests::account_store_get_by_pubkey ... ok
test account::tests::apply_public_tx_debits_gas_and_increments_nonce ... ok
test account::tests::apply_public_tx_fails_when_insufficient_balance ... ok
test account::tests::apply_public_tx_fails_when_gas_exceeds_budget ... ok
test account::tests::account_json_roundtrip ... ok
test account::tests::credit_increases_balance ... ok
test account::tests::credit_overflow_returns_error ... ok
test account::tests::debit_fails_when_insufficient_balance ... ok
test account::tests::debit_succeeds_when_sufficient_balance ... ok
test account::tests::derive_address_deterministic ... ok
test account::tests::derive_address_different_curves_dont_collide ... ok
test account::tests::derive_address_different_pubkeys_dont_collide ... ok
test account::tests::fallback_tx_uses_gameturn_nonce_path ... ok
test account::tests::gameturn_tx_does_not_block_account_nonce ... ok
test account::tests::increment_nonce_monotonic ... ok
test account::tests::inmemory_store_new_has_no_db ... ok
test account::tests::validate_chain_id_fails_when_mismatch ... ok
test account::tests::validate_chain_id_passes_when_match ... ok
test account::tests::validate_gameturn_tx_accepts_cold_start_zero ... ok
test account::tests::validate_gameturn_tx_passes_when_nonce_matches ... ok
test account::tests::validate_gameturn_tx_rejects_mismatch ... ok
test account::tests::validate_gameturn_tx_rejects_missing_nonce ... ok
test account::tests::validate_gameturn_tx_rejects_wrong_chain_id ... ok
test account::tests::validate_normal_gameturn_passes_without_fallback_flag ... ok
test account::tests::validate_normal_gameturn_rejects_fallback_flag ... ok
test account::tests::validate_public_tx_passes_when_nonce_matches ... ok
test account::tests::validate_public_tx_rejects_nonce_too_high ... ok
test account::tests::validate_public_tx_rejects_nonce_too_low ... ok
test account::tests::validate_public_tx_rejects_wrong_chain_id ... ok
test block::tests::block_bcs_roundtrip ... ok
test block::tests::block_chain_linking ... ok
test block::tests::block_hash_changes_with_chain_id ... ok
test block::tests::block_hash_changes_with_height ... ok
test block::tests::block_hash_changes_with_prev_hash ... ok
test block::tests::block_hash_changes_with_state_root ... ok
test block::tests::block_hash_changes_with_tx_roots ... ok
test block::tests::block_hash_deterministic ... ok
test block::time_consensus::tests::config_bcs_roundtrip ... ok
test block::tests::block_json_roundtrip ... ok
test block::time_consensus::tests::config_default_matches_new ... ok
test block::time_consensus::tests::config_default_phase4_timeouts ... ok
test block::time_consensus::tests::config_json_roundtrip ... ok
test block::time_consensus::tests::epoch_of_correct_computation ... ok
test block::time_consensus::tests::in_epoch_transition_window_at_boundary ... ok
test block::time_consensus::tests::in_epoch_transition_window_false_far_from_boundary ... ok
test block::time_consensus::tests::in_epoch_transition_window_true_near_boundary ... ok
test block::time_consensus::tests::is_da_window_passed_false_within_window ... ok
test block::time_consensus::tests::is_da_window_passed_true_beyond_window ... ok
test block::time_consensus::tests::is_dispute_window_passed_false_within_window ... ok
test block::time_consensus::tests::is_dispute_window_passed_true_beyond_window ... ok
test block::time_consensus::tests::is_epoch_boundary_at_multiples ... ok
test block::time_consensus::tests::is_hand_timeout_false_within_window ... ok
test block::time_consensus::tests::is_hand_timeout_true_beyond_window ... ok
test block::time_consensus::tests::is_submit_phase_timed_out_betting_never_times_out ... ok
test block::time_consensus::tests::is_submit_phase_timed_out_betting_all_rounds_no_timeout ... ok
test block::time_consensus::tests::is_submit_phase_timed_out_leave_proof_never_times_out ... ok
test block::time_consensus::tests::is_submit_phase_timed_out_overflow_returns_none ... ok
test block::time_consensus::tests::is_submit_phase_timed_out_reconstruct_timed_out ... ok
test block::time_consensus::tests::is_submit_phase_timed_out_reveal_token_timed_out ... ok
test block::time_consensus::tests::is_submit_phase_timed_out_shuffle_just_timed_out ... ok
test block::time_consensus::tests::is_turn_timeout_false_within_window ... ok
test block::time_consensus::tests::is_submit_phase_timed_out_shuffle_within_window ... ok
test block::time_consensus::tests::is_turn_timeout_true_beyond_window ... ok
test block::time_consensus::tests::is_validator_timeout_false_within_window ... ok
test block::time_consensus::tests::is_validator_timeout_true_beyond_window ... ok
test block::time_consensus::tests::should_submit_checkpoint_false_before_interval ... ok
test block::time_consensus::tests::should_submit_checkpoint_true_at_interval ... ok
test block::time_consensus::tests::validate_block_time_ok_at_max_interval_boundary ... ok
test block::time_consensus::tests::validate_block_time_ok_for_genesis ... ok
test block::time_consensus::tests::validate_block_time_ok_for_normal_progress ... ok
test block::time_consensus::tests::validate_block_time_ok_with_equal_timestamp ... ok
test block::time_consensus::tests::validate_block_time_rejects_backwards_timestamp ... ok
test block::time_consensus::tests::validate_block_time_rejects_exceeding_max_interval ... ok
test block::time_consensus::tests::validate_block_time_rejects_non_incrementing_height ... ok
test block::time_consensus::tests::validate_block_time_rejects_skipped_height ... ok
test block::time_consensus::tests::verify_block_header_quorum_ok_when_meets_threshold ... ok
test block::time_consensus::tests::verify_block_header_quorum_rejects_when_below_threshold ... ok
test block::validator::tests::block_validator_config_default ... ok
test block::validator::tests::block_validator_config_new ... ok
test block::validator::tests::derive_actor_address_consistent ... ok
test block::tests::compute_tx_merkle_root_empty ... ok
test block::tests::genesis_block_height_zero ... ok
test block::tests::compute_tx_merkle_root_single ... ok
test block::validator::tests::validate_block_tx_roots_gameturn_mismatch ... ok
test block::validator::tests::validate_block_header_and_body_gameturn_gas_violation ... ok
test block::tests::light_client_tx_inclusion_prove_and_verify ... ok
test block::tests::compute_tx_merkle_root_order_independent ... ok
test block::validator::tests::validate_block_header_and_body_ok ... ok
test block::validator::tests::validate_commit_certificate_signatures_bitmap_mismatch ... ok
test block::validator::tests::validate_commit_certificate_signatures_insufficient_quorum ... ok
test block::validator::tests::validate_commit_certificate_signatures_quorum_ok ... ok
test block::validator::tests::validate_commit_certificate_signatures_rejects_out_of_range_quorum_bits ... ok
test block::validator::tests::validate_game_sub_block_turn_ordering_ok ... ok
test block::validator::tests::validate_game_sub_block_turn_ordering_rejects_non_gameturn ... ok
test block::validator::tests::validate_gameturn_no_gas_ignores_public ... ok
test block::validator::tests::validate_gameturn_no_gas_checkpoint_anchor ... ok
test block::validator::tests::validate_gameturn_no_gas_ok ... ok
test block::validator::tests::validate_gameturn_no_gas_violation ... ok
test block::validator::tests::validate_public_tx_ordering_empty ... ok
test block::validator::tests::validate_public_tx_ordering_ignores_non_public ... ok
test block::validator::tests::validate_block_tx_roots_public_mismatch ... ok
test block::validator::tests::validate_public_tx_ordering_monotonic ... ok
test block::validator::tests::validate_public_tx_ordering_violation ... ok
test block::validator::tests::validate_state_root_transition_mismatch ... ok
test block::validator::tests::validate_state_root_transition_ok ... ok
test block::validator::tests::validate_tx_chain_id_mismatch ... ok
test block::validator::tests::validate_tx_chain_id_ok ... ok
test block::validator::tests::validate_tx_nonce_gameturn_mismatch ... ok
test block::validator::tests::validate_tx_nonce_gameturn_missing_field ... ok
test block::validator::tests::validate_tx_nonce_gameturn_ok ... ok
test block::validator::tests::validate_tx_nonce_gameturn_with_fallback_flag_rejected ... ok
test block::validator::tests::validate_tx_nonce_public_ok ... ok
test block::validator::tests::validate_tx_nonce_public_too_high ... ok
test block::validator::tests::validate_tx_nonce_public_too_low ... ok
test block::validator::tests::validate_vertex_tx_ordering_all_public ... ok
test block::validator::tests::validate_vertex_tx_ordering_empty ... ok
test block::validator::tests::validate_vertex_tx_ordering_ok ... ok
test block::validator::tests::validate_vertex_tx_ordering_violation ... ok
test bridge::tests::test_bridge_verify_contract_call_denied ... ok
test bridge::tests::test_bridge_verify_dest_chain_mismatch ... ok
test bridge::tests::test_bridge_verify_insufficient_quorum ... ok
test bridge::tests::test_bridge_verify_nonce_consumed ... ok
test block::validator::tests::validate_block_tx_roots_ok ... ok
test bridge::tests::test_bridge_verify_rejects_contract_caller ... ok
test bridge::tests::test_bridge_verify_recipient_signature_invalid ... ok
test bridge::tests::test_bridge_verify_slot_not_registered ... ok
test bridge::tests::test_burn_on_source_chain_mismatch ... ok
test bridge::tests::test_burn_on_source_success ... ok
test bridge::tests::test_burn_proof_message_hash ... ok
test bridge::tests::test_deposit_message_hash_deterministic ... ok
test bridge::tests::test_derive_address_deterministic ... ok
test bridge::tests::test_registry_burn_nonce_consumption ... ok
test bridge::tests::test_deposit_message_hash_differs_by_field ... ok
test bridge::tests::test_registry_nonce_consumption ... ok
test bridge::tests::test_registry_register_slot ... ok
test bridge::tests::test_required_bridge_quorum ... ok
test bridge::tests::test_validator_slot_has_quorum ... ok
test bridge::tests::test_validator_slot_new ... ok
test bridge::tests::test_validator_slot_validate_signers_reject_unknown ... ok
test consensus::bullshark::tests::assemble_commit_certificate_rejects_out_of_range_index ... ok
test consensus::bullshark::tests::assemble_commit_certificate_sets_bitmap_correctly ... ok
test bridge::tests::test_validator_slot_validate_signers_ok ... ok
test consensus::bullshark::tests::block_projection_bcs_roundtrip ... ok
test consensus::bullshark::tests::author_has_vertex_since_classifies_frontier_absence ... ok
test consensus::bullshark::tests::bullshark_linear_order_deduplicates ... ok
test consensus::bullshark::tests::bullshark_linear_order_by_round_then_author ... ok
test bridge::tests::test_bridge_verify_full_flow_with_real_signatures ... ok
test consensus::bullshark::tests::canonical_candidates_order_and_committed_filter ... ok
test consensus::bullshark::tests::canonical_candidates_converge_across_misaligned_node_views ... ok
test consensus::bullshark::tests::commit_leader_bcs_roundtrip ... ok
test consensus::bullshark::tests::dag_children_of ... ok
test consensus::bullshark::tests::dag_insert_and_get ... ok
test consensus::bullshark::tests::canonical_scan_skips_unreferenced_straggler_without_stalling ... ok
test consensus::bullshark::tests::dag_insert_same_vertex_is_idempotent_for_all_indexes ... ok
test consensus::bullshark::tests::dag_max_round ... ok
test consensus::bullshark::tests::dag_round_vertices ... ok
test consensus::bullshark::tests::detect_commit_cert_equivocation_no_equivocation_different_epoch ... ok
test consensus::bullshark::tests::detect_commit_cert_equivocation_no_equivocation_identical ... ok
test consensus::bullshark::tests::detect_commit_cert_equivocation_same_epoch_round_different_vertex_list ... ok
test consensus::bullshark::tests::detect_commit_leader_dedup_same_validator ... ok
test consensus::bullshark::tests::detect_commit_leader_insufficient_references ... ok
test consensus::bullshark::tests::detect_commit_leader_rejects_unknown_vertex ... ok
test consensus::bullshark::tests::detect_commit_leader_with_sufficient_references ... ok
test consensus::bullshark::tests::max_vertex_size_is_256kb ... ok
test consensus::bullshark::tests::has_quorum_precheck_matches_detect_commit_leader_on_all_vertices ... ok
test consensus::bullshark::tests::validate_commit_certificate_fields_epoch_mismatch ... ok
test consensus::bullshark::tests::validate_commit_certificate_fields_ok ... ok
test consensus::bullshark::tests::validate_commit_certificate_fields_state_root_mismatch ... ok
test consensus::bullshark::tests::validate_commit_certificate_quorum_insufficient ... ok
test consensus::bullshark::tests::validate_commit_certificate_quorum_ok ... ok
test consensus::bullshark::tests::wave_cert_requires_vote_quorum_inside_parents ... ok
test consensus::bullshark::tests::wave_commit_on_double_quorum ... ok
test consensus::bullshark::tests::wave_leader_rotation_is_deterministic ... ok
test consensus::bullshark::tests::wave_skip_on_blame_quorum ... ok
test consensus::bullshark::tests::wave_undecided_before_decision_round ... ok
test consensus::cert_verification::tests::bitmap_set_bits_is_ascending_and_complete ... ok
test consensus::bullshark::tests::wave_votes_only_from_exact_round ... ok
test consensus::cert_verification::tests::insufficient_quorum_fails ... ok
test consensus::cert_verification::tests::wrong_message_hash_fails ... ok
test consensus::cert_verification::tests::bitmap_signature_list_length_mismatch_fails ... ok
test consensus::cert_verification::tests::valid_quorum_signatures_pass ... ok
test account::tests::persisted_store_survives_reopen_create_and_credit ... ok
test consensus::cert_verification::tests::wrong_scheme_verify_fn_rejects ... ok
test consensus::checkpoint::tests::bls_keypair_derivation_is_deterministic_and_distinct ... ok
test consensus::checkpoint::tests::checkpoint_bcs_roundtrip ... ok
test consensus::checkpoint::tests::checkpoint_interval_configurable ... ok
test consensus::checkpoint::tests::checkpoint_interval_detection ... ok
test consensus::checkpoint::tests::bls_aggregate_rejects_identity_and_verifies_subset_property ... ok
test account::tests::persisted_store_survives_reopen_nonce_mutation ... ok
test consensus::checkpoint::tests::bls_single_sign_and_verify_roundtrip ... ok
test bridge::tests::mint_wrapped_object_is_deterministic ... ok
test consensus::checkpoint::tests::checkpoint_rejects_insufficient_quorum ... ok
test consensus::checkpoint::tests::checkpoint_rejects_duplicate_signer ... ok
test consensus::bullshark::tests::projection_prunes_committed_ancestry_and_fails_closed_on_uncommitted_gap ... ok
test consensus::checkpoint::tests::fork_anchor_status_three_states ... ok
test consensus::checkpoint::tests::checkpoint_validate_with_real_signatures ... ok
test consensus::checkpoint::tests::checkpoint_vote_jsonl_roundtrip ... ok
test consensus::checkpoint::tests::qc_aggregate_insufficient_quorum_rejected ... ok
test bridge::tests::mint_wrapped_object_creates_correct_object_and_changes_state_root ... ok
test consensus::checkpoint::tests::qc_verify_rejects_tampered_aggregate_and_wrong_state_root ... ok
test bridge::tests::test_slot_asset_allowlist_enforced ... ok
test consensus::checkpoint::tests::weighted_aggregate_supports_linear_combination ... ok
test consensus::bullshark::tests::project_block_from_commit_aggregates_and_sorts_txs ... ok
test consensus::da::tests::da_challenge_derivation_deterministic ... ok
test consensus::da::tests::da_receipt_sign_verify_and_domain_separation ... ok
test consensus::checkpoint::tests::qc_membership_rejects_forged_non_member_signers ... ok
test consensus::bullshark::tests::project_block_from_commit_computes_state_root ... ok
test consensus::da::tests::da_challenge_response_roundtrip_and_negatives ... ok
test consensus::da::tests::da_v2_object_type_binds_signature_domain ... ok
test consensus::checkpoint::tests::qc_aggregate_two_f_plus_one_succeeds ... ok
test consensus::da::tests::da_certificate_rejects_insufficient_quorum ... ok
test consensus::da::tests::da_types_serialize_roundtrip ... ok
test consensus::dkg::tests::assemble_param_and_shape_rejections ... ok
test consensus::checkpoint::tests::qc_rejects_heterogeneous_votes_and_forged_signature ... ok
test consensus::da::tests::m8_acc_8_da_certificate_verifiable_after_sequencer_down ... ok
test consensus::da::tests::da_certificate_membership_rejects_forged_non_member_signers ... ok
test consensus::da::tests::da_v2_certificate_form_and_verify ... ok
test consensus::dkg::tests::bad_dealer_located_in_assemble_error ... ok
test consensus::dkg::tests::feldman_deal_share_verification ... ok
test consensus::dkg::tests::dealer_deal_deterministic_and_seed_sensitive ... ok
test consensus::ecvrf::tests::output_differs_for_different_inputs ... ok
test consensus::ecvrf::tests::output_does_not_match_legacy_compute_vrf_output ... ok
test consensus::dkg::tests::verify_participant_share_rejects_wrong_and_noncanonical ... ok
test consensus::ecvrf::tests::proof_is_81_bytes ... ok
test consensus::ecvrf::tests::prover_verifier_roundtrip_valid ... ok
test consensus::ecvrf::tests::verifier_rejects_wrong_input ... ok
test consensus::game_assignment::tests::assign_validator_for_game_delegates_to_validator_set ... ok
test consensus::game_assignment::tests::client_route_validator_changes_with_epoch ... ok
test consensus::game_assignment::tests::client_route_validator_deterministic ... ok
test consensus::game_assignment::tests::client_route_validator_rejects_empty_validator_set ... ok
test consensus::game_assignment::tests::compute_current_epoch_at_boundaries ... ok
test consensus::game_assignment::tests::compute_current_epoch_zero_length_returns_zero ... ok
test consensus::game_assignment::tests::compute_forfeit_amount_50_percent ... ok
test consensus::game_assignment::tests::compute_forfeit_amount_zero_bond ... ok
test consensus::game_assignment::tests::config_from_time_consensus_aligns ... ok
test consensus::game_assignment::tests::create_epoch_transition_state_at_correct_window ... ok
test consensus::game_assignment::tests::create_epoch_transition_state_at_second_epoch ... ok
test consensus::game_assignment::tests::epoch_transition_state_anchor_missing_after_window ... ok
test consensus::game_assignment::tests::epoch_transition_state_bcs_roundtrip ... ok
test consensus::game_assignment::tests::epoch_transition_state_new ... ok
test consensus::game_assignment::tests::epoch_transition_state_submit_anchor_rejects_duplicate ... ok
test consensus::game_assignment::tests::epoch_transition_state_submit_anchor_rejects_outside_window ... ok
test consensus::game_assignment::tests::epoch_transition_state_submit_anchor_within_window ... ok
test consensus::game_assignment::tests::force_advance_allowed_in_window_without_anchor_with_proof ... ok
test consensus::game_assignment::tests::force_advance_allowed_outside_window ... ok
test consensus::game_assignment::tests::force_advance_rejected_in_window_with_anchor_submitted ... ok
test consensus::game_assignment::tests::force_advance_rejected_in_window_without_proof ... ok
test consensus::game_assignment::tests::game_assignment_config_bcs_roundtrip ... ok
test consensus::game_assignment::tests::game_assignment_config_default ... ok
test consensus::game_assignment::tests::is_in_epoch_transition_window_near_boundary ... ok
test consensus::game_assignment::tests::is_in_epoch_transition_window_zero_length_returns_false ... ok
test consensus::game_assignment::tests::is_validator_failover_triggered_after_timeout ... ok
test consensus::game_assignment::tests::is_validator_failover_triggered_saturating_sub ... ok
test consensus::game_assignment::tests::validate_client_route_consistency_ok ... ok
test consensus::game_assignment::tests::validate_client_route_consistency_rejects_mismatch ... ok
test consensus::ecvrf::tests::verifier_rejects_wrong_pubkey ... ok
test consensus::game_assignment::tests::validate_epoch_reassignment_ok_same_epoch ... ok
test consensus::game_assignment::tests::validate_epoch_reassignment_rejects_inactive_validator ... ok
test consensus::game_assignment::tests::validate_force_advance_ok_with_single_accused_and_proof ... ok
test consensus::game_assignment::tests::validate_force_advance_rejects_multiple_accused_validators ... ok
test consensus::game_assignment::tests::validate_epoch_reassignment_rejects_validator_not_in_set ... ok
test consensus::game_assignment::tests::validate_force_advance_rejects_without_proof_in_window ... ok
test consensus::phase_timeout::tests::handle_submit_phase_timeout_empty_pending_no_op ... ok
test consensus::phase_timeout::tests::handle_submit_phase_timeout_all_kinds_behave_consistently ... ok
test consensus::phase_timeout::tests::handle_submit_phase_timeout_exactly_two_remaining_no_finalize ... ok
test consensus::phase_timeout::tests::handle_submit_phase_timeout_leave_proof_behaves_consistently ... ok
test consensus::phase_timeout::tests::handle_submit_phase_timeout_multi_player_kick_all ... ok
test consensus::phase_timeout::tests::handle_submit_phase_timeout_player_in_both_pending_and_completed ... ok
test consensus::phase_timeout::tests::handle_submit_phase_timeout_refund_calc_called_per_player ... ok
test consensus::phase_timeout::tests::handle_submit_phase_timeout_remaining_less_than_two ... ok
test consensus::phase_timeout::tests::handle_submit_phase_timeout_single_player_kick ... ok
test consensus::phase_timeout::tests::kick_result_derives_debug_clone_eq ... ok
test consensus::routing::tests::betting_round_bcs_roundtrip ... ok
test consensus::routing::tests::game_phase_bcs_roundtrip_all_variants ... ok
test consensus::routing::tests::game_phase_copy_semantics ... ok
test consensus::routing::tests::game_phase_default_is_betting_preflop ... ok
test consensus::routing::tests::game_phase_is_helpers_correct ... ok
test consensus::routing::tests::game_phase_json_roundtrip_all_variants ... ok
test consensus::routing::tests::game_status_bcs_roundtrip ... ok
test consensus::routing::tests::game_status_new_fields_have_correct_defaults ... ok
test consensus::routing::tests::game_status_json_roundtrip ... ok
test consensus::routing::tests::game_status_phase_switch_resets_tracking_fields ... ok
test consensus::routing::tests::game_status_with_multi_player_phase_bcs_roundtrip ... ok
test consensus::routing::tests::game_status_with_multi_player_phase_json_roundtrip ... ok
test consensus::routing::tests::object_id_and_ownership_still_importable ... ok
test consensus::routing::tests::phase_transition_error_invalid_phase_transition_display ... ok
test consensus::routing::tests::phase_transition_error_pending_submitters_not_empty_display ... ok
test consensus::routing::tests::simple_turn_rule_advance_phase_returns_invalid_for_betting ... ok
test consensus::routing::tests::simple_turn_rule_advance_rotates_in_order ... ok
test consensus::routing::tests::simple_turn_rule_advance_turn_returns_none_in_multi_player_phase ... ok
test consensus::routing::tests::simple_turn_rule_current_submitters_returns_empty_for_betting ... ok
test consensus::routing::tests::simple_turn_rule_current_turn_fallback_when_current_player_folded ... ok
test consensus::routing::tests::simple_turn_rule_current_turn_returns_none_in_multi_player_phase ... ok
test consensus::routing::tests::simple_turn_rule_current_turn_returns_none_when_empty ... ok
test consensus::routing::tests::simple_turn_rule_current_turn_returns_none_when_finalized ... ok
test consensus::routing::tests::simple_turn_rule_current_turn_returns_player_in_active ... ok
test consensus::routing::tests::simple_turn_rule_is_submission_complete_returns_true_for_betting ... ok
test consensus::routing::tests::submit_phase_kind_bcs_roundtrip ... ok
test consensus::routing::tests::validate_active_games_limit_default_is_10 ... ok
test consensus::routing::tests::validate_active_games_limit_ok_when_within_limit ... ok
test consensus::routing::tests::validate_active_games_limit_rejects_when_exceeded ... ok
test consensus::routing::tests::validate_assigned_validator_ok_for_checkpoint_anchor ... ok
test consensus::routing::tests::validate_assigned_validator_ok_for_gameturn_to_assigned ... ok
test consensus::routing::tests::validate_assigned_validator_rejects_gameturn_to_non_assigned ... ok
test consensus::routing::tests::validate_assigned_validator_skips_public_channel ... ok
test consensus::routing::tests::validate_game_turn_phase_aware_betting_ok ... ok
test consensus::routing::tests::validate_game_turn_phase_aware_betting_rejects_wrong_player ... ok
test consensus::routing::tests::validate_game_turn_phase_aware_leave_proof_ok ... ok
test consensus::routing::tests::validate_game_turn_phase_aware_leave_proof_rejects_non_active ... ok
test consensus::routing::tests::validate_game_turn_phase_aware_multi_player_submit_ok ... ok
test consensus::routing::tests::validate_game_turn_phase_aware_multi_player_submit_rejects_non_pending ... ok
test consensus::routing::tests::validate_game_turn_phase_aware_skips_non_gameturn_lane ... ok
test consensus::routing::tests::validate_lane_route_ok_for_checkpoint_anchor ... ok
test consensus::routing::tests::validate_lane_route_ok_for_force_sync ... ok
test consensus::routing::tests::validate_lane_route_ok_for_gameturn ... ok
test consensus::routing::tests::validate_lane_route_ok_for_public ... ok
test consensus::routing::tests::validate_lane_route_rejects_gameturn_with_any_validator ... ok
test consensus::routing::tests::validate_lane_route_rejects_public_with_assigned_validator ... ok
test consensus::routing::tests::validate_turn_order_allows_fallback_tx_with_current_player ... ok
test consensus::routing::tests::validate_turn_order_ok_for_current_player ... ok
test consensus::routing::tests::validate_turn_order_rejects_when_game_finalized ... ok
test consensus::routing::tests::validate_turn_order_rejects_wrong_player ... ok
test consensus::routing::tests::validate_turn_order_skips_non_gameturn_channel ... ok
test consensus::slash::tests::censorship_trigger_uses_stable_evidence_digest ... ok
test consensus::slash::tests::double_sign_trigger_digest_is_order_independent ... ok
test consensus::slash::tests::slash_deducts_stake_and_records_event ... ok
test consensus::slash::tests::slash_event_digest_is_deterministic ... ok
test consensus::slash::tests::slash_is_idempotent_per_evidence ... ok
test consensus::slash::tests::ledger_roundtrip_bcs_like_via_json ... ok
test consensus::slash::tests::slash_reason_strings_frozen ... ok
test consensus::slash::tests::slash_reconciliation_detects_inconsistency ... ok
test consensus::slash::tests::slash_ledger_digest_chain_sensitivity ... ok
test consensus::slash::tests::slash_rejects_unknown_validator ... ok
test consensus::slash::tests::slash_reconciliation_identity_holds ... ok
test consensus::slash::tests::slash_to_zero_halts_block_production ... ok
test consensus::slash::tests::vertex_double_sign_predicate ... ok
test consensus::slashing::tests::apply_multi_slashing_downtime_then_refuse_ack ... ok
test consensus::slashing::tests::apply_slashing_allows_already_slashed_for_multi_slashing ... ok
test consensus::slashing::tests::apply_multi_slashing_processes_by_priority ... ok
test consensus::slashing::tests::apply_slashing_debt_when_stake_insufficient ... ok
test consensus::slashing::tests::apply_slashing_downtime_ten_percent ... ok
test consensus::slashing::tests::apply_slashing_rejects_retired ... ok
test consensus::slashing::tests::apply_slashing_rejects_validator_not_in_set ... ok
test consensus::slashing::tests::apply_slashing_vertex_equivocation_full_slash ... ok
test consensus::slashing::tests::check_downtime_slashing_no_trigger_below_threshold ... ok
test consensus::slashing::tests::check_downtime_slashing_triggers_auto_slash ... ok
test consensus::slashing::tests::check_downtime_slashing_rejects_unknown_validator ... ok
test consensus::slashing::tests::commit_cert_equivocation_evidence_rejects_identical_cert ... ok
test consensus::slashing::tests::commit_cert_equivocation_evidence_rejects_bad_signature ... ok
test consensus::slashing::tests::compute_slash_amount_full ... ok
test consensus::slashing::tests::compute_slash_amount_ten_percent ... ok
test consensus::dkg::tests::below_t_cannot_reconstruct_group_signature ... ok
test consensus::slashing::tests::compute_slash_amount_uses_remaining_not_original ... ok
test consensus::slashing::tests::compute_slash_amount_zero_stake ... ok
test consensus::slashing::tests::investigation_state_bcs_roundtrip ... ok
test consensus::slashing::tests::investigation_state_is_window_expired ... ok
test consensus::slashing::tests::investigation_state_new ... ok
test consensus::slashing::tests::investigation_state_resolve_no_defense_after_window ... ok
test consensus::slashing::tests::investigation_state_resolve_rejects_already_resolved ... ok
test consensus::slashing::tests::investigation_state_resolve_with_invalid_defense ... ok
test consensus::slashing::tests::investigation_state_resolve_with_valid_defense ... ok
test consensus::slashing::tests::investigation_state_submit_defense_rejects_after_window ... ok
test consensus::slashing::tests::investigation_state_submit_defense_within_window ... ok
test consensus::slashing::tests::is_downtime_auto_slashable_at_threshold ... ok
test consensus::slashing::tests::is_downtime_auto_slashable_saturating_sub ... ok
test consensus::slashing::tests::is_downtime_governance_kickout_at_threshold ... ok
test consensus::slashing::tests::slashing_config_auto_slash_threshold ... ok
test consensus::slashing::tests::slashing_config_bcs_roundtrip ... ok
test consensus::slashing::tests::slashing_config_default ... ok
test consensus::slashing::tests::slashing_reason_bcs_roundtrip ... ok
test consensus::slashing::tests::slashing_reason_default_slash_percentage ... ok
test consensus::slashing::tests::slashing_reason_priority_order ... ok
test consensus::slashing::tests::slashing_result_bcs_roundtrip ... ok
test consensus::slashing::tests::commit_cert_equivocation_evidence_validate_ok_with_real_sigs ... ok
test consensus::slashing::tests::vertex_equivocation_evidence_rejects_same_vertex ... ok
test consensus::slashing::tests::vertex_equivocation_evidence_bcs_roundtrip ... ok
test consensus::slashing::tests::vertex_equivocation_evidence_rejects_bad_signature ... ok
test consensus::tests::commit_cert_bcs_roundtrip ... ok
test consensus::slashing::tests::vertex_equivocation_evidence_rejects_wrong_author ... ok
test consensus::tests::commit_cert_json_roundtrip ... ok
test consensus::tests::commit_cert_cert_hash_includes_signatures ... ok
test consensus::tests::commit_cert_signer_count ... ok
test consensus::tests::commit_cert_signing_hash_changes_with_chain_id ... ok
test consensus::tests::commit_cert_signing_hash_changes_with_prev_commit_hash ... ok
test consensus::tests::commit_cert_signing_hash_changes_with_state_root ... ok
test consensus::tests::commit_cert_signing_hash_excludes_signatures ... ok
test consensus::tests::commit_cert_signing_hash_changes_with_tx_roots ... ok
test consensus::tests::commit_forced_union_is_deterministic ... ok
test consensus::tests::vertex_bcs_roundtrip ... ok
test consensus::tests::vertex_forced_tx_hashes_bcs_roundtrip ... ok
test consensus::tests::vertex_forced_tx_hashes_change_vertex_hash ... ok
test consensus::tests::vertex_hash_excludes_author_sig ... ok
test consensus::tests::vertex_hash_deterministic ... ok
test consensus::tests::vertex_signing_hash_changes_with_author_pubkey ... ok
test consensus::slashing::tests::vertex_equivocation_evidence_validate_ok_with_real_sigs ... ok
test consensus::tests::vertex_signing_hash_changes_with_chain_id ... ok
test consensus::texas_holdem_turn_rule::tests::advance_phase_leave_proof_keeps_current_phase ... ok
test consensus::tests::vertex_signing_hash_changes_with_epoch ... ok
test consensus::tests::vertex_signing_hash_changes_with_round ... ok
test consensus::texas_holdem_turn_rule::tests::advance_phase_reconstruct_to_betting ... ok
test consensus::texas_holdem_turn_rule::tests::advance_phase_rejects_betting_phase ... ok
test consensus::texas_holdem_turn_rule::tests::advance_phase_rejects_when_pending_non_empty ... ok
test consensus::texas_holdem_turn_rule::tests::advance_phase_reveal_token_to_betting ... ok
test consensus::texas_holdem_turn_rule::tests::advance_phase_shuffle_to_reveal_token ... ok
test consensus::texas_holdem_turn_rule::tests::advance_turn_returns_none_in_multi_player_phase ... ok
test consensus::texas_holdem_turn_rule::tests::advance_turn_rotates_in_betting_phase ... ok
test consensus::texas_holdem_turn_rule::tests::current_submitters_empty_in_betting_phase ... ok
test consensus::texas_holdem_turn_rule::tests::current_submitters_returns_active_in_leave_proof_phase ... ok
test consensus::texas_holdem_turn_rule::tests::current_submitters_returns_active_in_reconstruct_phase ... ok
test consensus::texas_holdem_turn_rule::tests::current_submitters_returns_active_in_shuffle_phase ... ok
test consensus::texas_holdem_turn_rule::tests::current_submitters_returns_pending_in_reveal_token_phase ... ok
test consensus::texas_holdem_turn_rule::tests::current_turn_returns_none_in_reveal_token_phase ... ok
test consensus::texas_holdem_turn_rule::tests::current_turn_returns_none_in_shuffle_phase ... ok
test consensus::texas_holdem_turn_rule::tests::current_turn_returns_player_in_betting_phase ... ok
test consensus::texas_holdem_turn_rule::tests::full_state_machine_shuffle_reveal_betting ... ok
test consensus::texas_holdem_turn_rule::tests::is_submission_complete_false_when_pending_non_empty ... ok
test consensus::texas_holdem_turn_rule::tests::is_submission_complete_true_in_betting_phase ... ok
test consensus::texas_holdem_turn_rule::tests::is_submission_complete_true_when_pending_empty ... ok
test consensus::threshold_bls::tests::params_shapes_and_degenerate_t1 ... ok
test consensus::threshold_bls::tests::lagrange_reconstruction_is_subset_independent ... ok
test consensus::threshold_bls::tests::threshold_below_t_rejected ... ok
test consensus::threshold_bls::tests::threshold_qc_binds_checkpoint_fields ... ok
test consensus::checkpoint::tests::checkpoint_qc_dual_form_dispatch_and_serde_compat ... ok
test consensus::threshold_bls::tests::threshold_partial_forgery_rejected_before_aggregation ... ok
test consensus::validator_set::tests::compute_genesis_chain_randomness_deterministic ... ok
test consensus::validator_set::tests::compute_vrf_input_binds_chain_id ... ok
test consensus::validator_set::tests::compute_vrf_input_binds_epoch ... ok
test consensus::validator_set::tests::compute_vrf_input_binds_prev_randomness ... ok
test consensus::validator_set::tests::compute_vrf_output_deterministic ... ok
test consensus::validator_set::tests::stub_vrf_verifier_returns_input_as_output ... ok
test consensus::validator_set::tests::validator_entry_bcs_roundtrip ... ok
test consensus::validator_set::tests::validator_entry_can_participate_when_active ... ok
test consensus::validator_set::tests::validator_entry_cannot_participate_when_retired ... ok
test consensus::validator_set::tests::validator_entry_new_starts_in_bonding ... ok
test consensus::validator_set::tests::validator_entry_slashed_cannot_be_slashed_again ... ok
test consensus::validator_set::tests::validator_set_active_count ... ok
test consensus::validator_set::tests::validator_set_advance_epoch_decays_investigation_count ... ok
test consensus::validator_set::tests::validator_set_assigned_validator_for_game_changes_with_epoch ... ok
test consensus::validator_set::tests::validator_set_assigned_validator_for_game_deterministic ... ok
test consensus::validator_set::tests::validator_set_bcs_roundtrip ... ok
test consensus::validator_set::tests::validator_set_compute_hash_changes_with_validators ... ok
test consensus::threshold_bls::tests::threshold_qc_tamper_and_below_t_unforgeable ... ok
test consensus::validator_set::tests::validator_set_compute_hash_deterministic ... ok
test consensus::validator_set::tests::validator_set_fallback_epoch_randomness ... ok
test consensus::validator_set::tests::validator_set_finalize_unbonding_ok ... ok
test consensus::validator_set::tests::validator_set_finalize_unbonding_rejects_before_expiry ... ok
test consensus::validator_set::tests::validator_set_find_validator ... ok
test consensus::validator_set::tests::validator_set_finalize_unbonding_rejects_without_vrf_destroy ... ok
test consensus::threshold_bls::tests::vss_share_verification ... ok
test consensus::validator_set::tests::validator_set_process_bonding_expiry ... ok
test consensus::validator_set::tests::validator_set_record_vertex_production_ok ... ok
test consensus::validator_set::tests::validator_set_record_vertex_production_rejects_non_active ... ok
test consensus::validator_set::tests::validator_set_start_unbonding_rejects_non_active ... ok
test consensus::validator_set::tests::validator_set_start_unbonding_ok ... ok
test consensus::validator_set::tests::validator_set_submit_epoch_vrf_proof_rejects_non_active ... ok
test consensus::validator_set::tests::validator_set_submit_epoch_vrf_proof_ok ... ok
test consensus::validator_set::tests::validator_set_validate_reduction_ratio_ok_within_20_percent ... ok
test consensus::validator_set::tests::validator_set_validate_size_for_offchain_ok ... ok
test consensus::validator_set::tests::validator_set_validate_reduction_ratio_rejects_exceeding_20_percent ... ok
test consensus::validator_set::tests::validator_set_validate_size_for_offchain_rejects_small ... ok
test consensus::validator_set::tests::vrf_proof_bcs_roundtrip ... ok
test consensus::validator_set::tests::vrf_proof_from_bytes_ok ... ok
test consensus::validator_set::tests::vrf_proof_from_bytes_rejects_wrong_length ... ok
test consensus::validator_set::tests::vrf_proof_roundtrip ... ok
test consensus::vertex_production::tests::build_game_sub_block_filters_non_gameturn_txs ... ok
test consensus::vertex_production::tests::build_game_sub_block_multi_player_submit_sorts_by_arrival ... ok
test consensus::vertex_production::tests::check_sech6_ok_for_multi_player_submit_without_prev_gameturn ... ok
test consensus::vertex_production::tests::build_game_sub_block_preserves_arrival_for_same_player ... ok
test consensus::vertex_production::tests::check_sech6_ok_when_prev_commit_has_no_gameturn ... ok
test consensus::vertex_production::tests::build_game_sub_block_prioritizes_current_turn_player ... ok
test consensus::vertex_production::tests::check_sech6_rejects_game_id_mismatch ... ok
test consensus::vertex_production::tests::check_sech6_rejects_multi_player_submit_with_prev_gameturn ... ok
test consensus::vertex_production::tests::check_sech6_rejects_when_prev_commit_has_gameturn ... ok
test consensus::vertex_production::tests::object_id_and_ownership_still_importable ... ok
test consensus::vertex_production::tests::required_parent_count_two_thirds_quorum ... ok
test consensus::vertex_production::tests::required_quorum_equals_required_parent ... ok
test consensus::vertex_production::tests::game_sub_block_bcs_roundtrip ... ok
test consensus::vertex_production::tests::required_witness_count_default_3_of_5 ... ok
test consensus::vertex_production::tests::required_witness_count_floor_3_for_small_set ... ok
test consensus::vertex_production::tests::required_witness_count_grows_for_large_set ... ok
test consensus::vertex_production::tests::sort_commit_txs_r4m4_empty_commit ... ok
test consensus::vertex_production::tests::sort_commit_txs_r4m4_single_vertex ... ok
test consensus::vertex_production::tests::sort_commit_txs_r4m4_aggregates_then_s9 ... ok
test consensus::vertex_production::tests::sort_commit_txs_r4m4_with_force_include_empty_set_matches_plain_r4m4 ... ok
test consensus::vertex_production::tests::sort_vertex_txs_s9_gameturn_before_forcesync ... ok
test consensus::vertex_production::tests::sort_vertex_txs_s9_preserves_intra_channel_order ... ok
test consensus::vertex_production::tests::timeout_proof_bcs_roundtrip ... ok
test consensus::vertex_production::tests::timeout_proof_validate_witness_count_ok ... ok
test consensus::vertex_production::tests::timeout_proof_validate_witness_count_rejects_below_threshold ... ok
test consensus::vertex_production::tests::sort_commit_txs_r4m4_with_force_include_orders_forced_first ... ok
test consensus::vertex_production::tests::timeout_proof_validate_witness_independence_ok ... ok
test consensus::vertex_production::tests::timeout_proof_validate_witness_independence_rejects_assigned ... ok
test consensus::vertex_production::tests::validate_fallback_tx_ok_with_valid_proof ... ok
test consensus::vertex_production::tests::validate_fallback_tx_rejects_insufficient_witness ... ok
test consensus::vertex_production::tests::validate_fallback_tx_rejects_missing_fallback_flag ... ok
test consensus::vertex_production::tests::validate_fallback_tx_rejects_missing_gameturn_nonce ... ok
test consensus::vertex_production::tests::validate_fallback_tx_rejects_non_public_lane ... ok
test consensus::vertex_production::tests::validate_fallback_tx_rejects_nonce_mismatch ... ok
test consensus::vertex_production::tests::validate_fallback_tx_rejects_witness_includes_assigned ... ok
test consensus::vertex_production::tests::validate_game_turn_tx_ok_for_current_player ... ok
test consensus::vertex_production::tests::validate_game_turn_tx_rejects_gameturn_lane_with_fallback_flag ... ok
test consensus::vertex_production::tests::validate_game_turn_tx_rejects_wrong_player ... ok
test consensus::vertex_production::tests::validate_gameturn_gas_free_ok_for_zero_gas ... ok
test consensus::vertex_production::tests::validate_gameturn_gas_free_rejects_nonzero_gas ... ok
test consensus::vertex_production::tests::sort_commit_txs_r4m4_with_force_include_is_deterministic ... ok
test consensus::vertex_production::tests::validate_gameturn_gas_free_skips_public_channel ... ok
test consensus::vertex_production::tests::vertex_builder_builds_valid_vertex ... ok
test consensus::vertex_production::tests::vertex_builder_validate_parents_ok_with_quorum ... ok
test consensus::vertex_production::tests::vertex_builder_validate_parents_rejects_insufficient ... ok
test consensus::vertex_production::tests::vertex_builder_validate_size_ok_for_small_vertex ... ok
test crypto_precompiles::bls::tests::test_g1_compressed_roundtrip ... ok
test crypto_precompiles::bls::tests::test_g1_add_basic ... ok
test crypto_precompiles::bls::tests::test_g1_neg_basic ... ok
test crypto_precompiles::bls::tests::test_g1_mul_basic ... ok
test crypto_precompiles::bls::tests::test_g2_compressed_roundtrip ... ok
test crypto_precompiles::bls::tests::test_g2_add_basic ... ok
test crypto_precompiles::bls::tests::test_g2_neg_basic ... ok
test crypto_precompiles::bls::tests::test_final_exp_identity ... ok
test crypto_precompiles::bls::tests::test_hash_to_g1_basic ... ok
test crypto_precompiles::bls::tests::test_g2_mul_basic ... ok
test crypto_precompiles::bls::tests::test_hash_too_long_msg_rejected ... ok
test crypto_precompiles::bls::tests::test_hash_to_g1_dst_fixed ... ok
test crypto_precompiles::bls::tests::test_hash_to_g2_basic ... ok
test crypto_precompiles::bls::tests::test_invalid_g1_length_rejected ... ok
test crypto_precompiles::bls::tests::test_invalid_g2_length_rejected ... ok
test crypto_precompiles::bls::tests::test_invalid_scalar_length_rejected ... ok
test crypto_precompiles::bls::tests::test_miller_loop_basic ... ok
test crypto_precompiles::bls::tests::test_pairing_check_equal ... ok
test crypto_precompiles::bls::tests::test_pairing_invalid_input_rejected_before_computation ... ok
test crypto_precompiles::bls::tests::test_zero_bytes_rejected ... ok
test crypto_precompiles::native_api::tests::test_bls_verify_invalid_pubkey_length ... ok
test crypto_precompiles::native_api::tests::test_bls_verify_invalid_signature_length ... ok
test crypto_precompiles::native_api::tests::test_secp256k1_aggregate_verify_length_mismatch ... ok
test crypto_precompiles::bls::tests::test_pairing_bilinearity ... ok
test crypto_precompiles::bls::tests::test_pairing_check_unequal ... ok
test economics::tests::auto_selection_uses_largest_first_with_stable_ties ... ok
test consensus::threshold_bls::tests::threshold_qc_form_and_verify_positive ... ok
test economics::tests::auto_selection_reports_aggregated_insufficient_balance ... ok
test economics::tests::auto_selection_prefers_exact_then_smallest_covering_coin ... ok
test economics::tests::burn_atomically_deletes_coins_and_updates_supply ... ok
test economics::tests::candidate_snapshot_reconciliation_rejects_unbacked_table_escrow ... ok
test economics::tests::failed_burn_preserves_coin_and_treasury_state ... ok
test economics::tests::genesis_overflow_fails_without_partial_state ... ok
test economics::tests::escrow_burn_updates_treasury_without_deleting_live_change ... ok
test economics::tests::genesis_mint_atomically_establishes_closed_supply ... ok
test consensus::dkg::tests::deal_sum_full_flow_all_shares_verify_n7_t5 ... ok
test economics::tests::native_supply_audit_rejects_overflow ... ok
test economics::tests::native_supply_audit_reports_unbacked_table_value_but_strict_reconcile_rejects_it ... ok
test economics::tests::native_transfer_preserves_value_across_payment_and_change ... ok
test consensus::dkg::tests::partial_sign_positive_wrong_msg_and_impersonation_rejected ... ok
test economics::tests::owned_coin_selection_consumes_inputs_and_creates_change ... ok
test consensus::checkpoint::tests::threshold_qc_below_t_no_qc_and_dedupe ... ok
test economics::tests::repeated_genesis_is_idempotent_but_changed_allocation_is_rejected ... ok
test economics::tests::pregenesis_reconciliation_allows_only_zero_native_value ... ok
test economics::tests::native_supply_reconciliation_counts_utxo_staking_and_table_escrow_once ... ok
test economics::tests::treasury_rejects_generic_mutation_and_deletion ... ok
test economics::tests::wallet_lists_and_aggregates_only_owned_native_coins ... ok
test executor::parallel_tests::parallel_empty_block_unchanged ... ok
test economics::tests::wrong_owner_and_duplicate_inputs_are_rejected_without_mutation ... ok
test economics::tests::native_supply_audit_rejects_malformed_coin_and_table_objects ... ok
test executor::schedule::tests::disjoint_writes_do_not_conflict ... ok
test executor::schedule::tests::estimate_rwset_contract_id_in_read ... ok
test executor::schedule::tests::estimate_rwset_pure_outputs ... ok
test executor::schedule::tests::forces_serial_conflicts_with_everything ... ok
test executor::schedule::tests::gasfree_lanes_no_account_can_parallelize ... ok
test executor::schedule::tests::plan_waves_conflict_splits_wave ... ok
test executor::schedule::tests::plan_waves_empty ... ok
test executor::schedule::tests::plan_waves_forces_serial_isolates ... ok
test executor::schedule::tests::plan_waves_independent_txs_one_wave ... ok
test executor::schedule::tests::plan_waves_same_account_separate_waves ... ok
test executor::schedule::tests::read_write_cross_conflicts ... ok
test executor::schedule::tests::same_account_conflicts ... ok
test executor::schedule::tests::same_write_conflicts ... ok
test executor::schedule::tests::within_estimate_fails_on_extra_write ... ok
test executor::schedule::tests::within_estimate_passes_when_subset ... ok
test executor::parallel_tests::parallel_multi_caller_same_nonce_concurrent ... ok
test executor::parallel_tests::parallel_preserves_account_nonce_ordering ... ok
test executor::parallel_tests::parallel_two_writes_same_caller_still_correct ... ok
test executor::tests::execution_environment_defaults_to_free_resource_policy ... ok
test executor::tests::charged_resource_credits_are_consumed_without_a_proposer ... ok
test executor::tests::empty_block_does_not_mint_proposer_reward ... ok
test executor::tests::charged_resource_credits_are_not_transferred_to_proposer ... ok
test executor::tests::failed_gas_free_crypto_precompile_consumes_block_gas_without_caller_fee ... ok
test executor::parallel_tests::parallel_reconsiders_deferred_tx_after_actual_gas_is_known ... ok
test consensus::dkg::tests::any_two_t_subsets_reconstruct_identical_signature ... ok
test executor::tests::free_fee_policy_meters_compute_without_requiring_or_debiting_balance ... ok
test executor::tests::native_transfer_rejects_explicit_outputs_before_spending_inputs ... ok
test executor::tests::native_transfer_rejects_insufficient_utxo_value_atomically ... ok
test executor::tests::parallel_block_admission_skips_over_limit_native_crypto_before_execution ... ok
test executor::tests::native_transfer_consumes_utxo_and_creates_recipient_plus_change ... ok
test executor::tests::test_checkpoint_anchor_lane_with_gas_free_precompile_succeeds ... ok
test consensus::dkg::tests::parameterized_t5n7_and_t3n4_flows ... ok
test executor::tests::test_execute_block_empty ... ok
test executor::tests::test_execute_tx_account_not_found ... ok
test executor::parallel_tests::parallel_equals_serial_multi_caller_independent ... ok
test executor::tests::test_execute_block_gas_limit_skips_public_not_gameturn ... ok
test executor::tests::test_execute_block_mixed_txs ... ok
test executor::tests::test_execute_tx_contract_call_success ... ok
test executor::tests::test_execute_tx_gameturn_contract_call_gas_free ... ok
test executor::tests::test_execute_tx_contract_not_found ... ok
test executor::tests::test_execute_tx_gameturn_without_contract_call_rejected ... ok
test executor::tests::test_execute_tx_inactive_contract_rejected ... ok
test executor::tests::test_execute_tx_invalid_signature ... ok
test executor::tests::test_execute_block_deterministic_state_root ... ok
test executor::tests::test_execute_tx_insufficient_balance ... ok
test executor::tests::test_execute_tx_input_object_not_found ... ok
test executor::tests::test_execute_tx_invalid_contract_bytecode ... ok
test executor::tests::test_execute_tx_nonce_too_high ... ok
test executor::tests::test_execute_tx_nonce_replay_rejected ... ok
test executor::tests::test_execute_tx_output_creator_mismatch ... ok
test executor::tests::test_execute_tx_out_of_gas ... ok
test executor::tests::test_execute_tx_output_id_collision_atomic ... ok
test executor::tests::test_gas_free_lane_with_gas_free_precompile_succeeds ... ok
test executor::tests::test_execute_tx_wrong_chain_id ... ok
test executor::tests::test_gas_free_lane_with_unregistered_contract_rejected ... ok
test executor::tests::test_execute_tx_outputs_success ... ok
test executor::tests::test_gas_free_lane_with_non_gas_free_contract_rejected ... ok
test executor::write_capture::tests::apply_to_empty_log_is_noop ... ok
test executor::tests::test_gas_free_lane_without_registry_rejected ... ok
test executor::tests::test_public_lane_with_gas_free_precompile_charges_nonce ... ok
test executor::tests::test_execute_tx_output_too_large ... ok
test executor::write_capture::tests::create_collision_with_own_log_rejected ... ok
test executor::write_capture::tests::read_returns_logged_create ... ok
test executor::write_capture::tests::apply_to_commits_log_to_main_db ... ok
test executor::write_capture::tests::create_collision_rejected ... ok
test executor::write_capture::tests::read_returns_not_found_after_delete ... ok
test executor::write_capture::tests::read_returns_logged_value_after_write ... ok
test force_include::tests::censorship_outcome_serializes_snake_case ... ok
test force_include::tests::censorship_proof_rejects_hash_mismatch_and_wrong_chain ... ok
test force_include::tests::is_past_inclusion_deadline_semantics ... ok
test executor::write_capture::tests::trait_object_dispatch_works ... ok
test executor::write_capture::tests::read_returns_shared_value_before_write ... ok
test force_include::tests::censorship_proof_three_states ... ok
test executor::write_capture::tests::written_ids_tracks_all_touched ... ok
test force_include::tests::receipt_sidecar_replay_skips_corrupt_lines ... ok
test force_include::tests::seen_receipt_rejects_tampered_seen_at ... ok
test governance::tests::test_create_parameter_proposal ... ok
test force_include::tests::seen_receipt_issue_and_verify_roundtrip ... ok
test governance::tests::test_create_parameter_proposal_out_of_bounds ... ok
test force_include::tests::order_force_include_first_sorts_by_tx_hash_bytes ... ok
test governance::tests::test_create_validator_set_update_proposal ... ok
test governance::tests::test_create_verifier_status_proposal_chain_id_mismatch ... ok
test governance::tests::test_default_params ... ok
test governance::tests::test_detect_voting_ddos ... ok
test governance::tests::test_duplicate_vote_rejected ... ok
test governance::tests::test_execute_before_timelock_ends ... ok
test governance::tests::test_governance_state_new ... ok
test governance::tests::test_is_sensitive_param_production_switch_height ... ok
test governance::tests::test_is_sensitive_param_r3_h1 ... ok
test governance::tests::test_is_sensitive_param_sec_c2 ... ok
test governance::tests::test_is_sensitive_param_sec_h4 ... ok
test governance::tests::test_key_rotation_proposal ... ok
test governance::tests::test_new_params_default_values ... ok
test governance::tests::test_new_params_get_set ... ok
test governance::tests::test_new_sensitive_params_gas_and_grace ... ok
test governance::tests::test_new_sensitive_params_proof_field_limits ... ok
test governance::tests::test_new_sensitive_params_zkvm_limits ... ok
test governance::tests::test_non_sensitive_params ... ok
test governance::tests::test_offchain_checkout_allowed ... ok
test governance::tests::test_param_name_as_str ... ok
test governance::tests::test_params_get_set ... ok
test governance::tests::test_production_grace_blocks_constant ... ok
test governance::tests::test_production_grace_blocks_default_matches_constant ... ok
test governance::tests::test_production_switch_height_default_zero ... ok
test governance::tests::test_production_switch_height_one_time_write ... ok
test governance::tests::test_required_participation ... ok
test governance::tests::test_required_revocation_votes ... ok
test governance::tests::test_required_yes_votes_normal ... ok
test governance::tests::test_required_yes_votes_sensitive ... ok
test governance::tests::test_revocation_quorum_insufficient ... ok
test governance::tests::test_validate_new_params_in_bounds ... ok
test governance::tests::test_timelock_revocation ... ok
test governance::tests::test_validate_new_params_out_of_bounds ... ok
test governance::tests::test_validate_param_bonding_period ... ok
test governance::tests::test_validate_param_dependency ... ok
test governance::tests::test_validate_param_in_bounds ... ok
test governance::tests::test_validate_param_out_of_bounds ... ok
test executor::write_capture::tests::update_missing_rejected ... ok
test executor::write_capture::tests::transfer_changes_owner_in_log_view ... ok
test executor::write_capture::tests::update_by_non_owner_rejected ... ok
test governance::tests::test_verifier_status_governance ... ok
test governance::tests::test_verifier_status_per_chain_id ... ok
test governance::tests::test_validator_set_update_reject_below_min ... ok
test governance::tests::test_vote_and_finalize_normal_param_pass ... ok
test governance::tests::test_validator_set_update_reject_excessive_reduction ... ok
test governance::tests::test_vote_and_finalize_sensitive_param_pass ... ok
test governance::tests::test_vote_and_finalize_sensitive_param_requires_90 ... ok
test governance::tests::test_vote_outside_voting_period ... ok
test governance::tests::test_vote_participation_too_low ... ok
test governance::tests::test_zkvm_batch_size_consistency_constraint ... ok
test indexer::tests::test_get_block_by_hash ... ok
test indexer::tests::test_index_block_basic ... ok
test indexer::tests::test_get_tx_by_hash ... ok
test indexer::tests::test_index_block_idempotent ... ok
test indexer::tests::test_index_objects_by_owner_and_type ... ok
test indexer::tests::test_indexed_block_total_tx_count ... ok
test indexer::tests::test_index_tx_with_object_io ... ok
test indexer::tests::test_index_tx_with_sender_and_lane ... ok
test indexer::tests::test_subscribe_rejects_empty_event_types ... ok
test indexer::tests::test_index_tx_with_contract_call ... ok
test indexer::tests::test_pending_event_count ... ok
test indexer::tests::test_multiple_subscriptions_independent ... ok
test indexer::tests::test_subscription_block_events ... ok
test indexer::tests::test_query_blocks_by_range ... ok
test metrics::tests::metrics_counters_accumulate ... ok
test indexer::tests::test_subscription_unsubscribe ... ok
test metrics::tests::metrics_censorship_counter_accumulates ... ok
test force_include::tests::seen_receipt_rejects_wrong_signer ... ok
test indexer::tests::test_subscription_tx_events_with_filter ... ok
test metrics::tests::metrics_export_contains_all_metrics ... ok
test metrics::tests::metrics_thread_safe_via_arc ... ok
test metrics::tests::metrics_export_is_valid_prometheus_format ... ok
test network::tests::test_compact_vertex_from_vertex_preserves_header ... ok
test network::tests::test_gossip_manager_drain_tx ... ok
test network::tests::test_gossip_manager_cached_transactions_preserves_request_order ... ok
test network::tests::test_gossip_manager_receive_tx ... ok
test indexer::tests::test_tx_filter_limit_truncates ... ok
test network::tests::test_in_memory_transport_gossip_broadcast ... ok
test network::tests::test_in_memory_transport_peer_discovery ... ok
test network::tests::test_light_client_header_quorum_insufficient ... ok
test network::tests::test_light_client_header_quorum_sufficient ... ok
test network::tests::test_light_client_header_signature_invalid ... ok
test network::tests::test_multi_replica_broadcast_all_failed ... ok
test network::tests::test_multi_replica_broadcast_success ... ok
test network::tests::test_multi_replica_broadcast_with_witnesses ... ok
test network::tests::test_resolve_missing_txs_separates_resolvable_and_unresolved ... ok
test network::tests::test_short_id_deterministic ... ok
test network::tests::test_short_id_differs_by_tx_hash ... ok
test network::tests::test_short_id_length ... ok
test network::tests::test_short_id_map_conflict_detection ... ok
test network::tests::test_short_id_map_conflict_ignored_on_reinsert ... ok
test network::tests::test_short_id_map_idempotent_insert ... ok
test network::tests::test_short_id_map_insert_and_lookup ... ok
test network::tests::test_size_limits ... ok
test network::tests::test_tx_buf_push_and_drain ... ok
test network::tests::test_tx_cache_dedup ... ok
test force_include::tests::receipt_sidecar_append_replay_roundtrip ... ok
test network::tests::test_tx_cache_fifo_eviction ... ok
test consensus::dkg::tests::lagrange_weighted_public_shares_reconstruct_group_key ... ok
test network::tests::test_tx_buf_timeout ... ok
test node::tests::advance_epoch_without_vrf_uses_fallback ... ok
test node::tests::apply_genesis_alloc_creates_zero_balance_accounts_and_coins ... ok
test indexer::tests::test_subscription_queue_overflow_drops_oldest ... ok
test node::tests::block_certificate_chain_and_timestamp_are_strict ... ok
test node::tests::apply_genesis_alloc_is_idempotent ... ok
test node::tests::advance_epoch_with_vrf_derives_real_randomness ... ok
test node::tests::bond_validator_rejects_insufficient_utxo_value_without_mutation ... ok
test node::tests::check_censorship_applies_slash_and_halts_zero_bond_validator ... ok
test node::tests::bond_validator_locks_utxo_value_in_staking_escrow ... ok
test node::tests::check_censorship_slash_skips_issuer_outside_validator_set ... ok
test node::tests::checkpoint_vote_and_da_receipt_membership_enforced_at_intake ... ok
test node::tests::compute_assigned_validator_local_basic ... ok
test node::tests::compute_assigned_validator_local_changes_with_epoch ... ok
test node::tests::compute_assigned_validator_local_deterministic ... ok
test node::tests::compute_assigned_validator_local_empty_set ... ok
test node::tests::checkpoint_interval_trigger_requires_configured_height ... ok
test node::tests::checkpoint_vote_rejects_bad_signature_and_counts_collect ... ok
test node::tests::conflicting_height_is_rejected_before_any_state_commit ... ok
test node::tests::da_request_rejects_non_validator_node ... ok
test network::tests::proof_package_chunk_message_stays_below_node_frame_limit ... ok
test node::tests::complete_unbonding_refunds_stake ... ok
test node::tests::da_request_and_peer_receipts_form_certificate ... ok
test node::tests::empty_block_store_accepts_only_canonical_first_block ... ok
test node::tests::bonded_validator_and_epoch_survive_persistent_restart ... ok
test node::tests::drain_for_block_with_forced_returns_sorted_payload_set ... ok
test node::tests::execution_environment_includes_injected_zk_verifier_registry ... ok
test node::tests::force_include_dedup_prevents_second_promotion ... ok
test node::tests::force_include_deadline_triggers_and_orders_by_tx_hash ... ok
test node::tests::keygen_dispatch_by_scheme ... ok
test node::tests::keygen_ed25519_produces_valid_keypair ... ok
test node::tests::keygen_secp256k1_produces_valid_keypair ... ok
test node::tests::keygen_secp256k1_two_calls_produce_different_keys ... ok
test node::tests::checkpoint_vote_collection_forms_qc_and_persists_sidecar ... ok
test node::tests::force_include_non_validator_does_not_issue_receipt ... ok
test node::tests::force_include_validator_issues_seen_receipt_on_submit ... ok
test node::tests::light_header_generated_with_validator_signature ... ok
test node::tests::node_config_archive ... ok
test node::tests::node_config_default_full ... ok
test node::tests::node_config_light ... ok
test node::tests::node_config_validator ... ok
test node::tests::force_include_disabled_deadline_zero_matches_legacy_drain ... ok
test node::tests::light_header_merges_peer_signatures ... ok
test node::tests::governance_status_sync_reaches_existing_registry_clones ... ok
test node::tests::force_include_enabled_but_not_expired_matches_legacy_drain ... ok
test node::tests::node_add_validator_rejects_duplicate ... ok
test node::tests::node_genesis_validators_loaded ... ok
test node::tests::node_advance_epoch_rolls_randomness ... ok
test node::tests::node_open_inmemory_full ... ok
test node::tests::node_rejects_unbacked_genesis_validator_stake ... ok
test node::tests::node_open_inmemory_archive ... ok
test node::tests::node_get_object_not_found ... ok
test node::tests::node_role_default_is_full ... ok
test node::tests::node_role_predicates ... ok
test node::tests::node_get_tx_after_submit ... ok
test node::tests::node_role_should_prune ... ok
test node::tests::node_role_to_pruning_role ... ok
test node::tests::node_open_inmemory_validator ... ok
test node::tests::node_put_and_get_account ... ok
test node::tests::node_put_and_get_object ... ok
test consensus::checkpoint::tests::threshold_qc_assemble_verify_and_field_binding ... ok
test node::tests::node_required_quorum_empty_set_is_zero ... ok
test node::tests::node_submit_tx_validator_buffers ... ok
test node::tests::node_submit_tx_full_does_not_buffer ... ok
test node::tests::node_rpc_backend_adapter ... ok
test node::tests::priority_mempool_drains_by_gas_price_desc ... ok
test node::tests::persistent_node_rejects_empty_consensus_configuration ... ok
test node::tests::node_required_quorum_reflects_dynamic_set ... ok
test node::tests::priority_mempool_gameturn_preserves_arrival_order ... ok
test node::tests::priority_mempool_rbf_rejects_lower_or_equal_price ... ok
test node::tests::priority_mempool_gameturn_before_public_regardless_of_gas_price ... ok
test node::tests::priority_mempool_rbf_replaces_lower_price ... ok
test node::tests::query_node_info_archive ... ok
test node::tests::priority_mempool_same_price_preserves_arrival_order ... ok
test node::tests::query_node_info_validator ... ok
test node::tests::query_node_info_empty_node ... ok
test node::tests::repeated_block_commit_is_idempotent ... ok
test node::tests::run_pruning_without_finality_anchor_is_safe_noop_for_vertices ... ok
test node::tests::requeue_pending_txs_preserves_drained_order_ahead_of_new_arrivals ... ok
test node::tests::standard_node_has_no_zk_verifier_registry ... ok
test node::tests::receipt_sidecar_persists_across_node_restart ... ok
test node::tests::persistent_node_startup_rejects_unbalanced_native_supply ... ok
test node::tests::state_root_mismatch_does_not_mutate_live_state ... ok
test node::tests::slash_validator_reduces_stake ... ok
test node::tests::validate_block_rejects_insufficient_cert_quorum ... ok
test node::tests::validate_block_rejects_gameturn_gas_charged ... ok
test node::tests::validate_block_rejects_tx_root_mismatch ... ok
test node::tests::validate_vertex_accepts_distinct_active_parent_quorum ... ok
test node::tests::validate_vertex_accepts_valid_vertex ... ok
test node::tests::validate_vertex_rejects_bonding_author ... ok
test node::tests::validate_vertex_rejects_duplicate_or_wrong_round_parent ... ok
test node::tests::validate_vertex_rejects_insufficient_previous_round_quorum ... ok
test node::tests::validate_vertex_rejects_invalid_signature ... ok
test node::tests::validate_vertex_rejects_invalid_transaction_signature_at_admission ... ok
test node::tests::validate_vertex_rejects_non_validator_author ... ok
test node::tests::validate_vertex_rejects_parent_from_different_epoch ... ok
test node::tests::validate_vertex_rejects_s9_ordering_violation ... ok
test node::tests::validate_vertex_rejects_parent_not_found ... ok
test node::tests::validate_vertex_rejects_parent_hash_count_without_distinct_author_quorum ... ok
test node::tests::validator_key_from_secret_bytes ... ok
test node::tests::validator_key_invalid_secret_bytes ... ok
test node::tests::validate_vertex_rejects_same_author_equivocation_at_admission ... ok
test node::tests::validate_vertex_rejects_wrong_chain_id ... ok
test object_model::id::tests::objectid_bcs_roundtrip ... ok
test object_model::id::tests::objectid_different_creators_dont_collide ... ok
test object_model::id::tests::objectid_json_roundtrip ... ok
test object_model::id::tests::objectid_merkle_key_deterministic ... ok
test object_model::id::tests::objectid_ordering_total ... ok
test object_model::id::tests::objectid_rejects_wrong_length ... ok
test object_model::id::tests::objectid_roundtrip_bytes ... ok
test object_model::id::tests::objectid_same_creator_different_nonce_dont_collide ... ok
test object_model::object::tests::bump_version_increments ... ok
test object_model::object::tests::can_write_respects_ownership ... ok
test object_model::object::tests::content_hash_deterministic ... ok
test object_model::object::tests::freeze_sets_immutable ... ok
test object_model::object::tests::new_object_version_zero ... ok
test object_model::object::tests::object_bcs_roundtrip ... ok
test object_model::object::tests::object_json_roundtrip ... ok
test object_model::ownership::tests::address_owned_can_write_only_by_owner ... ok
test object_model::ownership::tests::channel_owner_write_delegated_to_validator_field ... ok
test object_model::ownership::tests::immutable_blocks_all_writes ... ok
test object_model::ownership::tests::ownership_bcs_roundtrip ... ok
test object_model::ownership::tests::shared_allows_write ... ok
test node::tests::validate_vertex_rejects_wrong_epoch ... ok
test object_model::smt::tests::empty_leaf_hash_matches_blake2b ... ok
test object_model::smt::tests::empty_tree_root_is_empty_subtree_at_depth ... ok
test node::tests::vertex_pruning_runner_skipped_for_archive_role ... ok
test object_model::smt::tests::delete_restores_empty_root ... ok
test object_model::smt::tests::insert_and_prove_inclusion ... ok
test object_model::smt::tests::prove_non_inclusion ... ok
test object_model::smt::tests::update_changes_root ... ok
test object_model::smt::tests::single_insert_updates_root ... ok
test object_model::smt::tests::verify_rejects_tampered_root ... ok
test object_model::store::tests::batch_create_atomic_collision ... ok
test object_model::smt::tests::verify_rejects_tampered_value ... ok
test object_model::store::tests::create_and_read ... ok
test object_model::store::tests::create_collision_returns_error ... ok
test object_model::smt::tests::multiple_inserts_root_deterministic ... ok
test object_model::store::tests::delete_restores_state_root ... ok
test object_model::store::tests::prove_inclusion_verifies ... ok
test node::tests::vertex_pruning_runner_wired_through_node_config ... ok
test object_model::store::tests::transfer_changes_owner ... ok
test object_model::store::tests::update_by_non_owner_fails ... ok
test offline::ack_chain::tests::test_ack_hash_includes_all_fields ... ok
test object_model::store::tests::prove_nonexistence_verifies ... ok
test offline::ack_chain::tests::test_ack_signing_message_excludes_participant_fields ... ok
test offline::ack_chain::tests::test_different_order_different_root ... ok
test offline::ack_chain::tests::test_determinism_same_entries_same_root ... ok
test offline::ack_chain::tests::test_empty_root_matches_rfc_6962 ... ok
test offline::ack_chain::tests::test_partial_hash_same_algorithm ... ok
test object_model::store::tests::update_immutable_fails ... ok
test offline::ack_chain::tests::test_prove_and_verify_inclusion ... ok
test offline::ack_chain::tests::test_prove_empty_entries_returns_none ... ok
test offline::ack_chain::tests::test_prove_out_of_bounds_returns_none ... ok
test offline::ack_chain::tests::test_single_leaf_equals_leaf_hash ... ok
test offline::ack_chain::tests::test_three_leaves_unbalanced_filled_with_empty ... ok
test offline::ack_chain::tests::test_two_leaves_root ... ok
test object_model::store::tests::update_bumps_version_and_state_root ... ok
test offline::ack_chain::tests::test_verify_rejects_wrong_leaf ... ok
test offline::state::tests::test_checkin_ack_chain_hash_matches_ack_chain_module ... ok
test offline::ack_chain::tests::test_verify_rejects_wrong_root ... ok
test offline::state::tests::test_checkin_tx_signing_hash_deterministic ... ok
test offline::state::tests::test_checkin_tx_signing_hash_differs_on_proof ... ok
test offline::state::tests::test_checkin_tx_signing_hash_includes_proof_kind ... ok
test offline::state::tests::test_execute_checkin_has_partial_but_no_last_partial_fold ... ok
test offline::state::tests::test_execute_checkin_ack_chain_too_long ... ok
test offline::state::tests::test_execute_checkin_no_partial_but_has_last_partial_fold ... ok
test offline::state::tests::test_execute_checkin_offchain_allowed_on_mainnet_production ... ok
test offline::state::tests::test_execute_checkin_offchain_disabled_on_mainnet_stub ... ok
test offline::state::tests::test_execute_checkin_offchain_disabled_on_testnet_stub ... ok
test offline::state::tests::test_execute_checkin_proof_kind_mismatch ... ok
test offline::state::tests::test_execute_checkin_unknown_scheme_id ... ok
test offline::state::tests::test_execute_checkin_success_requires_production_status ... ok
test offline::state::tests::test_execute_checkin_zkshuffle_proof_kind_consistency ... ok
test offline::state::tests::test_execute_checkin_zkvm_proof_kind_consistency ... ok
test offline::state::tests::test_execute_checkout_onchain_skipped ... ok
test offline::state::tests::test_execute_checkout_offchain ... ok
test offline::state::tests::test_execute_partial_checkin_limit_exceeded ... ok
test offline::state::tests::test_execute_partial_checkin_no_progress ... ok
test offline::state::tests::test_offline_state_commitment_deterministic ... ok
test offline::state::tests::test_execute_partial_checkin_success ... ok
test offline::state::tests::test_offline_state_commitment_differs_on_mode ... ok
test offline::state::tests::test_offline_state_commitment_differs_on_version ... ok
test offline::state::tests::test_partial_checkin_tx_signing_hash_deterministic ... ok
test offline::state::tests::test_should_checkout_offchain ... ok
test offline::state::tests::test_should_not_checkout_onchain ... ok
test offline::zk_verifier::tests::test_default_verifier_status_is_stub ... ok
test offline::zk_verifier::tests::test_public_io_to_bytes_deterministic ... ok
test offline::zk_verifier::tests::test_public_io_validate_at_boundaries ... ok
test offline::zk_verifier::tests::test_register_and_lookup ... ok
test offline::zk_verifier::tests::test_reserved_texas_scheme_is_unregistered_by_default ... ok
test offline::zk_verifier::tests::test_set_verifier_status ... ok
test offline::zk_verifier::tests::test_unregister ... ok
test offline::zk_verifier::tests::test_verifier_status_allows_offchain ... ok
test offline::zk_verifier::tests::test_zk_verify_fold_step_count_exceeded ... ok
test offline::zk_verifier::tests::test_zk_verify_invalid_proof_format ... ok
test offline::zk_verifier::tests::test_zk_verify_skip_count_exceeded ... ok
test offline::zk_verifier::tests::test_zk_verify_stub_status_fails_closed_even_if_verifier_would_accept ... ok
test offline::zk_verifier::tests::test_zk_verify_unregistered_scheme ... ok
test rpc::tests::bls_verify_invalid_pubkey_length ... ok
test offline::ack_chain::tests::test_proof_size_logarithmic ... ok
test rpc::tests::event_message_roundtrip ... ok
test rpc::tests::check_censorship_rpc_rejects_tampered_proof ... ok
test rpc::tests::get_account_by_address ... ok
test rpc::tests::check_censorship_rpc_three_states ... ok
test rpc::tests::get_account_by_pubkey ... ok
test rpc::tests::get_block_by_hash_not_found ... ok
test rpc::tests::get_block_count_reports_tip_height ... ok
test rpc::tests::get_block_by_height_success ... ok
test network::tests::proof_package_sync_rejects_tampering_and_bad_bounds ... ok
test rpc::tests::get_dag_vertex_success ... ok
test rpc::tests::get_seen_receipt_returns_receipt_after_submit_and_null_for_unknown ... ok
test rpc::tests::get_object_success ... ok
test rpc::tests::get_tx_returns_none_for_unknown ... ok
test rpc::tests::get_tx_returns_tx_after_submit ... ok
test rpc::tests::h1_auth_allows_valid_api_key ... ok
test rpc::tests::h1_auth_rejects_invalid_api_key ... ok
test offline::ack_chain::tests::test_large_ack_chain_consistency ... ok
test node::tests::threshold_partial_retries_assembly_after_transient_failure ... ok
test rpc::tests::jsonrpc_response_error_serialization ... ok
test rpc::tests::jsonrpc_response_success_serialization ... ok
test rpc::tests::m5_client_error_preserves_specific_message ... ok
test rpc::tests::m5_internal_error_sanitized_to_generic_message ... ok
test rpc::tests::h1_handler_without_guard_backward_compatible ... ok
test rpc::tests::m5_other_error_sanitized ... ok
test rpc::tests::m5_serialization_error_sanitized ... ok
test rpc::tests::m5_signature_error_preserves_specific_message ... ok
test rpc::tests::h1_rate_limit_independent_per_client ... ok
test rpc::tests::h1_auth_rejects_missing_api_key ... ok
test rpc::tests::h1_rate_limit_rejects_excessive_write_requests ... ok
test rpc::tests::h1_read_endpoints_no_auth_required ... ok
test rpc::tests::m5_invalid_params_uses_correct_error_code ... ok
test rpc::tests::method_not_found ... ok
test rpc::tests::native_coin_rpc_aggregates_lists_and_selects_without_exposing_fragmentation_by_default ... ok
test rpc::tests::subscribe_request_roundtrip ... ok
test rpc::tests::websocket_event_types_serialize ... ok
test rpc::tests::native_coin_selection_rpc_reports_insufficient_balance_as_client_error ... ok
test signature::ct_util::tests::eq_basic ... ok
test signature::ct_util::tests::lt_basic ... ok
test signature::ct_util::tests::lt_high_byte_dominates ... ok
test signature::ct_util::tests::lt_secp_n_half_boundary ... ok
test signature::ed25519_scheme::tests::le_be_roundtrip ... ok
test signature::ed25519_scheme::tests::verify_rejects_non_canonical_s ... ok
test signature::ed25519_scheme::tests::verify_rejects_non_canonical_s_above_l ... ok
test signature::ed25519_scheme::tests::verify_rejects_secp256k1_tagged_pubkey ... ok
test signature::ed25519_scheme::tests::verify_rejects_wrong_pubkey_length ... ok
test signature::ed25519_scheme::tests::verify_valid_signature ... ok
test signature::ed25519_scheme::tests::verify_wrong_message_fails ... ok
test rpc::tests::secp256k1_aggregate_verify_length_mismatch ... ok
test signature::ed25519_scheme::tests::verify_wrong_sig_length ... ok
test signature::ed25519_scheme::tests::verify_wrong_pubkey_fails ... ok
test signature::secp256k1_scheme::tests::verify_rejects_ed25519_tagged_pubkey ... ok
test rpc::tests::submit_tx_returns_tx_hash ... ok
test signature::secp256k1_scheme::tests::verify_rejects_high_s ... ok
test signature::secp256k1_scheme::tests::verify_rejects_invalid_v ... ok
test signature::secp256k1_scheme::tests::verify_valid_signature ... ok
test signature::secp256k1_scheme::tests::verify_wrong_message_fails ... ok
test signature::secp256k1_scheme::tests::verify_wrong_sig_length ... ok
test signature::tagged_pubkey::tests::parse_tag_known_schemes ... ok
test signature::tagged_pubkey::tests::parse_tag_unknown_scheme_returns_error ... ok
test signature::secp256k1_scheme::tests::verify_wrong_pubkey_fails ... ok
test signature::tagged_pubkey::tests::tag_encoding_secp256k1_v1 ... ok
test signature::tagged_pubkey::tests::tag_encoding_ed25519_v1 ... ok
test signature::tagged_pubkey::tests::tagged_pubkey_bcs_roundtrip ... ok
test signature::tagged_pubkey::tests::tagged_pubkey_rejects_unknown_version ... ok
test signature::tagged_pubkey::tests::tagged_pubkey_rejects_wrong_length ... ok
test signature::tagged_pubkey::tests::tagged_pubkey_roundtrip_ed25519 ... ok
test signature::tagged_pubkey::tests::tagged_pubkey_roundtrip_secp256k1 ... ok
test signature::unified::tests::check_scheme_match_fails_when_mismatch ... ok
test signature::unified::tests::check_scheme_match_passes_when_matching ... ok
test signature::unified::tests::unified_verify_rejects_tampered_secp256k1 ... ok
test signature::unified::tests::unified_verify_unknown_scheme ... ok
test signature::unified::tests::unified_verify_ed25519 ... ok
test signature::unified::tests::unified_verify_secp256k1 ... ok
test storage::block_store::tests::exists_returns_true_after_put ... ok
test rpc::tests::m5_tx_too_large_uses_invalid_params_code ... ok
test storage::block_store::tests::get_missing_hash_returns_block_not_found ... ok
test storage::block_store::tests::get_missing_height_returns_block_not_found ... ok
test storage::block_store::tests::get_range_empty_store_returns_empty ... ok
test storage::block_store::tests::get_range_returns_blocks_in_closed_interval ... ok
test storage::block_store::tests::get_range_empty_when_start_gt_end ... ok
test rpc::tests::zk_verify_no_registry_returns_error ... ok
test storage::block_store::tests::get_range_full_returns_all ... ok
test storage::block_store::tests::get_range_skips_missing_heights ... ok
test rpc::tests::submit_tx_too_large_rejected ... ok
test storage::block_store::tests::height_index_be_key_wins_over_conflicting_legacy_le_key ... ok
test node::tests::threshold_qc_collection_forms_qc_persists_and_restores ... ok
test storage::block_store::tests::len_counts_blocks ... ok
test storage::block_store::tests::height_index_legacy_le_keys_migrated_in_place_on_reopen ... ok
test storage::block_store::tests::large_batch_chain_persists ... ok
test storage::block_store::tests::height_index_rebuilt_from_blocks_when_index_untrusted ... ok
test storage::block_store::tests::open_inmemory_works ... ok
test storage::block_store::tests::open_creates_cfs ... ok
test storage::block_store::tests::prune_old_blocks_noop_when_all_above_threshold ... ok
test storage::block_store::tests::prune_old_blocks_deletes_below_threshold ... ok
test storage::block_store::tests::put_and_get_by_hash ... ok
test storage::block_store::tests::put_and_get_by_height ... ok
test storage::block_store::tests::put_chain_all_retrievable ... ok
test storage::block_store::tests::put_is_idempotent ... ok
test storage::block_store::tests::height_index_migration_idempotent_on_clean_store ... ok
test storage::block_store::tests::tip_tracking_after_chain_of_puts ... ok
test storage::block_store::tests::persist_across_reopen ... ok
test storage::block_store::tests::put_rejects_a_different_block_at_an_existing_height ... ok
test storage::block_store::tests::tip_tracking_empty_store ... ok
test storage::bridge_registry_store::tests::persist_is_idempotent ... ok
test storage::dag_vertex_store::tests::different_rounds_indexed_separately ... ok
test storage::dag_vertex_store::tests::different_epochs_indexed_separately ... ok
test storage::dag_vertex_store::tests::concurrent_puts_preserve_every_round_and_author_index_entry ... ok
test executor::parallel_tests::parallel_serial_equivalence_fuzz ... ok
test storage::bridge_registry_store::tests::deposit_nonce_survives_reopen ... ok
test storage::bridge_registry_store::tests::burn_nonce_survives_reopen ... ok
test storage::dag_vertex_store::tests::exists_returns_true_after_put ... ok
test storage::dag_vertex_store::tests::get_by_author_empty_when_not_found ... ok
test storage::dag_vertex_store::tests::get_by_round_empty_when_not_found ... ok
test storage::dag_vertex_store::tests::get_by_round_returns_all_vertices_in_round ... ok
test storage::dag_vertex_store::tests::len_counts_vertices ... ok
test storage::dag_vertex_store::tests::get_by_author_returns_all_vertices_by_author ... ok
test storage::dag_vertex_store::tests::get_missing_hash_returns_vertex_not_found ... ok
test storage::dag_vertex_store::tests::open_creates_cfs ... ok
test storage::dag_vertex_store::tests::large_batch_persists ... ok
test storage::dag_vertex_store::tests::prune_delete_range_removes_only_pruned_author_round_rows ... ok
test storage::dag_vertex_store::tests::open_inmemory_works ... ok
test storage::dag_vertex_store::tests::prune_vertices_below_writes_commitments_and_advances_watermark ... ok
test storage::dag_vertex_store::tests::prune_vertices_below_is_rate_limited_and_idempotent ... ok
test storage::dag_vertex_store::tests::prune_vertices_below_zero_budget_is_noop ... ok
test storage::dag_vertex_store::tests::pruning_uses_borsh_and_cleans_author_indexes ... ok
test storage::dag_vertex_store::tests::put_appends_per_vertex_rows_never_rewrites_list ... ok
test storage::dag_vertex_store::tests::persist_across_reopen ... ok
test storage::dag_vertex_store::tests::put_and_get_by_hash ... ok
test storage::dag_vertex_store::tests::legacy_index_entries_migrate_to_v2_rows_on_open ... ok
test storage::dag_vertex_store::tests::put_is_idempotent ... ok
test storage::object_db::tests::create_and_read ... ok
test storage::dag_vertex_store::tests::prune_is_crash_safe_reentry_after_reopen ... ok
test storage::object_db::tests::delete_missing_returns_error ... ok
test storage::object_db::tests::create_collision_returns_error ... ok
test storage::object_db::tests::delete_removes_object ... ok
test storage::object_backend::tests::object_db_implements_object_backend ... ok
test storage::object_db::tests::open_creates_cf_and_empty ... ok
test storage::object_db::tests::open_inmemory_works ... ok
test storage::object_db::tests::iter_yields_all_live_objects ... ok
test storage::object_db::tests::read_missing_returns_object_not_found ... ok
test storage::object_db::tests::prove_inclusion_verifies ... ok
test storage::object_db::tests::prove_nonexistence_verifies ... ok
test storage::object_db::tests::transfer_changes_owner ... ok
test storage::object_db::tests::state_root_changes_with_writes ... ok
test storage::object_db::tests::update_bumps_version_and_state_root ... ok
test storage::object_db::tests::update_by_non_owner_fails ... ok
test storage::object_db::tests::update_immutable_fails ... ok
test storage::object_db::tests::persist_across_reopen ... ok
test storage::object_db_snapshot::tests::snapshot_delete_then_apply ... ok
test storage::pruning::tests::test_all_permanent_items_retained ... ok
test storage::pruning::tests::test_archive_node_sufficient ... ok
test storage::pruning::tests::test_archive_zk_proof_basic ... ok
test storage::pruning::tests::test_archive_zk_proof_verification_failed ... ok
test storage::pruning::tests::test_check_pruning_allowed_ok ... ok
test storage::pruning::tests::test_check_pruning_allowed_rejected ... ok
test storage::pruning::tests::test_compute_proof_hash_deterministic ... ok
test storage::pruning::tests::test_compute_proof_hash_different_inputs ... ok
test storage::pruning::tests::test_constants ... ok
test storage::pruning::tests::test_full_node_recent_blocks_limit ... ok
test storage::pruning::tests::test_game_pruning_both_fail ... ok
test storage::pruning::tests::test_game_pruning_dispute_active ... ok
test storage::pruning::tests::test_game_pruning_eligible ... ok
test storage::pruning::tests::test_game_pruning_not_settled ... ok
test storage::pruning::tests::test_handle_historical_data_archive_node_available ... ok
test storage::pruning::tests::test_handle_historical_data_non_archive_node ... ok
test storage::pruning::tests::test_handle_historical_data_unavailable ... ok
test storage::pruning::tests::test_historical_data_request_types ... ok
test storage::pruning::tests::test_mark_blob_expired ... ok
test storage::pruning::tests::test_node_role_archive_never_prunes ... ok
test storage::pruning::tests::test_node_role_full_prunes ... ok
test storage::pruning::tests::test_node_role_light_only_headers ... ok
test storage::pruning::tests::test_prune_tx_different_lanes ... ok
test storage::pruning::tests::test_prune_tx_preserves_hash_and_type ... ok
test storage::pruning::tests::test_prune_vertex_drops_tx_list_and_parents ... ok
test storage::pruning::tests::test_prune_vertex_empty_tx_list ... ok
test storage::pruning::tests::test_prune_vertex_preserves_commitment ... ok
test storage::pruning::tests::test_pruning_config_default ... ok
test storage::pruning::tests::test_tx_pruning_active_dispute ... ok
test storage::pruning::tests::test_tx_pruning_boundary ... ok
test storage::pruning::tests::test_tx_pruning_eligible ... ok
test storage::pruning::tests::test_tx_pruning_unsettled_game ... ok
test storage::pruning::tests::test_tx_pruning_window_not_reached ... ok
test storage::pruning::tests::test_vertex_pruning_boundary ... ok
test storage::pruning::tests::test_vertex_pruning_eligible ... ok
test storage::pruning::tests::test_vertex_pruning_window_not_reached ... ok
test storage::pruning::tests::test_zk_proof_pruning_archive_boundary ... ok
test storage::pruning::tests::test_zk_proof_pruning_archive_insufficient ... ok
test storage::pruning::tests::test_zk_proof_pruning_dispute_active ... ok
test storage::pruning::tests::test_zk_proof_pruning_eligible ... ok
test storage::pruning::tests::test_zk_proof_pruning_not_settled ... ok
test storage::object_db::tests::rejected_batch_leaves_memory_and_rocksdb_unchanged ... ok
test storage::object_db_snapshot::tests::snapshot_isolates_writes_from_main_db ... ok
test storage::object_db_snapshot::tests::snapshot_object_backend_trait_dispatch ... ok
test storage::object_db_snapshot::tests::snapshot_discard_does_not_affect_main_db ... ok
test storage::object_db_snapshot::tests::snapshot_apply_to_commits_mutations ... ok
test storage::vertex_pruner::tests::pruner_skips_conservatively_without_anchor ... ok
test storage::object_db_snapshot::tests::snapshot_transfer_then_apply ... ok
test storage::vertex_pruner::tests::fake_finality_drives_pruner ... ok
test storage::vertex_pruner::tests::pruner_reports_has_more_until_drained ... ok
test storage::vertex_pruner::tests::pruner_is_idempotent_when_finality_unchanged ... ok
test storage::vertex_pruner::tests::pruner_skips_when_disabled_or_zero_rate ... ok
test storage::vertex_pruner::tests::pruner_compaction_only_after_actual_deletes ... ok
test storage::vertex_pruner::tests::rate_limit_caps_vertices_per_tick ... ok
test sync::tests::snapshot_manifest_block_hash_uses_the_supplied_chain_id ... ok
test sync::tests::test_build_snapshot_empty_db_errors ... ok
test sync::tests::test_build_snapshot_small ... ok
test sync::tests::test_chunk_validate_size ... ok
test sync::tests::fast_sync_rejects_an_incomplete_peer_block_range_before_execution ... ok
test sync::tests::fast_sync_downloads_complete_ranges_and_executes_each_block ... ok
test sync::tests::test_apply_snapshot_object_count_mismatch ... ok
test sync::tests::test_manifest_hash_deterministic ... ok
test sync::tests::test_manifest_validate ... ok
test sync::tests::test_apply_snapshot_state_root_mismatch_detected ... ok
test sync::tests::test_fast_sync_dedup_chunks ... ok
test sync::tests::test_fast_sync_rejects_incomplete_chunks ... ok
test transaction::tests::gas_zero ... ok
test transaction::tests::signing_hash_changes_with_chain_id ... ok
test transaction::tests::signing_hash_changes_with_gameturn_nonce ... ok
test transaction::tests::signing_hash_changes_with_is_fallback ... ok
test transaction::tests::signing_hash_changes_with_nonce ... ok
test transaction::tests::signing_hash_deterministic ... ok
test transaction::tests::signing_hash_excludes_pubkey_and_sig ... ok
test transaction::tests::tx_bcs_roundtrip ... ok
test transaction::tests::tx_hash_differs_from_signing_hash ... ok
test transaction::tests::tx_json_roundtrip ... ok
test transaction::tests::tx_lane_serde ... ok
test transaction::tests::tx_request_into_transaction ... ok
test transaction::tests::validate_tx_limits_ok ... ok
test transaction::tests::validate_tx_limits_rejects_too_long_args ... ok
test transaction::tests::validate_tx_limits_rejects_too_long_sig ... ok
test transaction::tests::validate_tx_limits_rejects_too_many_inputs ... ok
test transaction::tests::validate_tx_limits_rejects_too_many_outputs ... ok
test vm::context::tests::test_context_gas_tracking ... ok
test vm::context::tests::test_context_object_trait ... ok
test vm::context::tests::test_events ... ok
test vm::context::tests::test_gas_insufficient ... ok
test vm::context::tests::test_gas_limit_clamped_to_tx_gas_limit ... ok
test vm::context::tests::test_into_result ... ok
test vm::context::tests::test_panic ... ok
test vm::context::tests::test_refund_gas_basic_and_clamp ... ok
test vm::context::tests::test_refund_gas_no_overflow ... ok
test vm::contract::tests::test_activate_version ... ok
test vm::contract::tests::test_contract_not_found ... ok
test vm::contract::tests::test_contract_serialized_size ... ok
test vm::contract::tests::test_deploy_contract ... ok
test vm::contract::tests::test_is_version_callable ... ok
test vm::contract::tests::test_upgrade_cap_check_holder ... ok
test vm::contract::tests::test_upgrade_state_default ... ok
test vm::contracts::ack_protocol::tests::test_apply_refuse_ack_after_deadline ... ok
test vm::contracts::ack_protocol::tests::test_apply_refuse_ack_at_deadline_boundary ... ok
test vm::contracts::ack_protocol::tests::test_apply_refuse_ack_no_pending_request ... ok
test vm::contracts::ack_protocol::tests::test_apply_refuse_ack_request_id_mismatch ... ok
test vm::contracts::ack_protocol::tests::test_apply_request_ack_deadline_blocks_too_low ... ok
test vm::contracts::ack_protocol::tests::test_apply_request_ack_does_not_update_last_action_height ... ok
test vm::contracts::ack_protocol::tests::test_apply_request_ack_pending_exists ... ok
test vm::contracts::ack_protocol::tests::test_apply_request_ack_success ... ok
test vm::contracts::ack_protocol::tests::test_apply_request_ack_too_frequent ... ok
test vm::contracts::ack_protocol::tests::test_check_ack_deadline_expired ... ok
test vm::contracts::ack_protocol::tests::test_clear_expired_pending_acks ... ok
test vm::contracts::ack_protocol::tests::test_clear_pending_ack ... ok
test vm::contracts::ack_protocol::tests::test_constants ... ok
test vm::contracts::ack_protocol::tests::test_refuse_ack_reason_encoding ... ok
test vm::contracts::ack_protocol::tests::test_refuse_ack_signing_hash_deterministic ... ok
test vm::contracts::ack_protocol::tests::test_refuse_ack_signing_hash_differs_by_chain_id ... ok
test vm::contracts::ack_protocol::tests::test_refuse_ack_signing_hash_differs_by_reason ... ok
test sync::tests::test_verify_chunk_hash_mismatch ... ok
test vm::contracts::cairo_fact_registry::tests::fact_for_segment_kat ... ok
test vm::contracts::cairo_fact_registry::tests::facts_beyond_cap_evict_oldest_no_error ... ok
test vm::contracts::cairo_fact_registry::tests::creator_front_run_race_documented ... ok
test sync::tests::test_verify_chunk_index_out_of_range ... ok
test sync::tests::test_verify_chunk_valid ... ok
test node::tests::threshold_qc_fail_closed_rejections_and_aggregate_fallback ... ok
test vm::contracts::cairo_fact_registry::tests::snip36_message_hash_kat ... ok
test vm::contracts::cairo_fact_registry::tests::genesis_creator_from_first_validator ... ok
test vm::contracts::cairo_fact_registry::tests::oversized_legacy_state_clamped_on_write ... ok
test vm::contracts::cairo_fact_registry::tests::worst_case_state_size_below_object_cap ... ok
test vm::contracts::cairo_fact_registry::tests::supports_selector_roundtrip ... ok
test vm::contracts::censor_detection::tests::test_compute_replica_set_deterministic ... ok
test vm::contracts::censor_detection::tests::test_compute_replica_set_differs_by_checkpoint_seq ... ok
test vm::contracts::censor_detection::tests::test_compute_replica_set_differs_by_epoch_randomness ... ok
test vm::contracts::censor_detection::tests::test_compute_replica_set_differs_by_game_id ... ok
test vm::contracts::censor_detection::tests::test_compute_replica_set_excludes_assigned_validator ... ok
test vm::contracts::censor_detection::tests::test_compute_replica_set_insufficient_candidates ... ok
test vm::contracts::censor_detection::tests::test_compute_replica_set_too_small ... ok
test vm::contracts::censor_detection::tests::test_constants ... ok
test vm::contracts::censor_detection::tests::test_compute_replica_set_success ... ok
test vm::contracts::censor_detection::tests::test_default_gossipsub_mesh_size_constant ... ok
test vm::contracts::censor_detection::tests::test_evidence_verify_content_hash_mismatch ... ok
test vm::contracts::censor_detection::tests::test_evidence_verify_insufficient_receipts ... ok
test vm::contracts::censor_detection::tests::test_evidence_verify_witness_not_in_replica_set ... ok
test vm::contracts::censor_detection::tests::test_false_witness_evidence_anchor_tx_hash_mismatch ... ok
test vm::contracts::censor_detection::tests::test_evidence_verify_reaches_signature_validation ... ok
test vm::contracts::censor_detection::tests::test_false_witness_evidence_missing_inclusion_vertex ... ok
test vm::contracts::censor_detection::tests::test_false_witness_evidence_no_receipt_covers_inclusion_round ... ok
test vm::contracts::censor_detection::tests::test_false_witness_evidence_verify_success ... ok
test vm::contracts::censor_detection::tests::test_false_witness_slash_percentage ... ok
test vm::contracts::censor_detection::tests::test_gossipsub_mesh_size_default ... ok
test vm::contracts::censor_detection::tests::test_gossipsub_mesh_size_saturating ... ok
test vm::contracts::censor_detection::tests::test_gossipsub_mesh_size_zero ... ok
test vm::contracts::censor_detection::tests::test_is_witness_in_replica_set_absent ... ok
test vm::contracts::censor_detection::tests::test_is_witness_in_replica_set_present ... ok
test vm::contracts::challenge_delta::tests::test_apply_challenge_delta_failed_challenger_forfeits ... ok
test vm::contracts::challenge_delta::tests::test_apply_challenge_delta_succeeded_operator_forfeits ... ok
test vm::contracts::challenge_delta::tests::test_apply_challenge_delta_wrong_game_id_rejected ... ok
test vm::contracts::challenge_delta::tests::test_apply_challenge_delta_zero_challenger_deposit_failed ... ok
test vm::contracts::challenge_delta::tests::test_apply_challenge_delta_zero_forfeit_deposit_succeeded ... ok
test vm::contracts::challenge_delta::tests::test_compute_challenger_deposit ... ok
test vm::contracts::challenge_delta::tests::test_claimed_delta_hash_matches_hash_state_delta ... ok
test vm::contracts::challenge_delta::tests::test_compute_challenger_reward ... ok
test vm::contracts::challenge_delta::tests::test_compute_outcome_does_not_mutate ... ok
test vm::contracts::challenge_delta::tests::test_compute_outcome_failed ... ok
test vm::contracts::challenge_delta::tests::test_compute_outcome_succeeded ... ok
test vm::contracts::challenge_delta::tests::test_compute_outcome_succeeded_partial_reward ... ok
test vm::contracts::challenge_delta::tests::test_constants_sec_c4 ... ok
test vm::contracts::challenge_delta::tests::test_hash_state_delta_consistency ... ok
test vm::contracts::checkpoint_anchor::tests::test_ack_signing_hash_deterministic ... ok
test vm::contracts::checkpoint_anchor::tests::test_ack_signing_hash_differs_by_chain_id ... ok
test vm::contracts::checkpoint_anchor::tests::test_ack_signing_hash_differs_by_checkpoint_seq ... ok
test vm::contracts::checkpoint_anchor::tests::test_ack_signing_hash_differs_by_epoch ... ok
test vm::contracts::checkpoint_anchor::tests::test_ack_signing_hash_differs_by_state_hash ... ok
test vm::contracts::checkpoint_anchor::tests::test_apply_checkpoint_anchor_duplicate_rejected ... ok
test vm::contracts::checkpoint_anchor::tests::test_ack_signing_hash_includes_domain_tag ... ok
test vm::contracts::checkpoint_anchor::tests::test_apply_checkpoint_anchor_first_checkpoint ... ok
test vm::contracts::checkpoint_anchor::tests::test_apply_checkpoint_anchor_no_progress_detection ... ok
test vm::contracts::checkpoint_anchor::tests::test_apply_checkpoint_anchor_non_incremental_rejected ... ok
test vm::contracts::checkpoint_anchor::tests::test_apply_checkpoint_anchor_progress_resets_counter ... ok
test vm::contracts::checkpoint_anchor::tests::test_checkpoint_interval_blocks_constants ... ok
test vm::contracts::checkpoint_anchor::tests::test_is_opt_out_ack_valid_expired ... ok
test vm::contracts::checkpoint_anchor::tests::test_no_progress_threshold_constant ... ok
test vm::contracts::checkpoint_anchor::tests::test_verify_checkpoint_anchor_duplicate_ack_first_valid ... ok
test vm::contracts::checkpoint_anchor::tests::test_verify_checkpoint_anchor_covers_all_with_opt_out ... ok
test vm::contracts::cairo_fact_registry::tests::submit_proof_chunk_requires_initialized_registry ... ok
test vm::contracts::checkpoint_anchor::tests::test_verify_checkpoint_anchor_missing_ack ... ok
test vm::contracts::checkpoint_skip::tests::test_apply_checkpoint_skip_exceeds_limit ... ok
test vm::contracts::checkpoint_anchor::tests::test_verify_checkpoint_anchor_signer_not_participant ... ok
test vm::contracts::checkpoint_skip::tests::test_apply_checkpoint_skip_multiple_until_limit ... ok
test vm::contracts::checkpoint_skip::tests::test_apply_checkpoint_skip_success ... ok
test vm::contracts::checkpoint_skip::tests::test_checkpoint_skip_tx_verify_empty_ack_set ... ok
test vm::contracts::checkpoint_skip::tests::test_checkpoint_skip_tx_verify_segment_empty ... ok
test vm::contracts::checkpoint_skip::tests::test_checkpoint_skip_tx_verify_state_hash_mismatch ... ok
test vm::contracts::checkpoint_skip::tests::test_constants ... ok
test vm::contracts::checkpoint_skip::tests::test_state_proof_signing_hash_deterministic ... ok
test vm::contracts::checkpoint_skip::tests::test_state_proof_signing_hash_differs_by_chain_id ... ok
test vm::contracts::checkpoint_skip::tests::test_state_proof_signing_hash_differs_by_seq ... ok
test vm::contracts::checkpoint_skip::tests::test_state_proof_verify_empty_participants ... ok
test vm::contracts::checkpoint_skip::tests::test_state_proof_verify_insufficient_signatures ... ok
test vm::contracts::checkpoint_skip::tests::test_verify_segment_chain_empty ... ok
test vm::contracts::checkpoint_skip::tests::test_verify_segment_chain_missing_end_proof ... ok
test vm::contracts::delegated_escape::tests::test_apply_revoke_fails_on_invalid_signature ... ok
test vm::contracts::delegated_escape::tests::test_authorization_signing_hash_deterministic ... ok
test vm::contracts::delegated_escape::tests::test_authorization_signing_hash_differs_by_chain_id ... ok
test vm::contracts::delegated_escape::tests::test_authorization_signing_hash_differs_by_delegator ... ok
test vm::contracts::delegated_escape::tests::test_authorization_signing_hash_differs_by_expiry ... ok
test vm::contracts::delegated_escape::tests::test_authorization_verify_expired ... ok
test vm::contracts::delegated_escape::tests::test_authorization_signing_hash_differs_by_nonce ... ok
test vm::contracts::delegated_escape::tests::test_authorization_verify_expiry_delta_exceeds_max ... ok
test vm::contracts::delegated_escape::tests::test_authorization_verify_expiry_at_boundary ... ok
test vm::contracts::delegated_escape::tests::test_authorization_verify_game_id_mismatch ... ok
test vm::contracts::delegated_escape::tests::test_authorization_verify_nonce_consumed ... ok
test vm::contracts::delegated_escape::tests::test_authorization_verify_nonce_equal_to_current ... ok
test vm::contracts::delegated_escape::tests::test_compute_next_credential_nonce ... ok
test vm::contracts::delegated_escape::tests::test_authorization_verify_nonce_valid_reaches_signature ... ok
test vm::contracts::delegated_escape::tests::test_compute_next_credential_nonce_saturating ... ok
test vm::contracts::delegated_escape::tests::test_constants ... ok
test vm::contracts::delegated_escape::tests::test_consume_authorization_double_consume_fails ... ok
test vm::contracts::delegated_escape::tests::test_consume_authorization_nonce_already_consumed ... ok
test vm::contracts::delegated_escape::tests::test_consume_authorization_success ... ok
test vm::contracts::delegated_escape::tests::test_revoke_tx_signing_hash_deterministic ... ok
test vm::contracts::delegated_escape::tests::test_revoke_tx_verify_game_id_mismatch ... ok
test vm::contracts::delegated_escape::tests::test_revoke_tx_signing_hash_differs_by_nonce ... ok
test vm::contracts::delegated_escape::tests::test_revoke_tx_verify_operator_not_assigned_validator ... ok
test vm::contracts::delegated_escape::tests::test_revoke_tx_verify_reaches_signature ... ok
test vm::contracts::dispatch::tests::dispatch_force_advance_fold ... ok
test vm::contracts::dispatch::tests::dispatch_hand_started_onchain ... ok
test vm::contracts::dispatch::tests::dispatch_hand_started_offchain ... ok
test vm::contracts::dispatch::tests::dispatch_settle_hand ... ok
test vm::contracts::dispatch::tests::method_selector_deterministic ... ok
test vm::contracts::examples::tests::test_all_examples_returns_three_contracts ... ok
test vm::contracts::examples::tests::test_contract_sources_contain_entrypoint ... ok
test vm::contracts::dispatch::tests::dispatch_unknown_method ... ok
test vm::contracts::examples::tests::test_contract_sources_contain_no_std ... ok
test vm::contracts::examples::tests::test_create_game_contract_source_not_empty ... ok
test vm::contracts::examples::tests::test_minimal_contract_source_not_empty ... ok
test vm::contracts::dispatch::tests::method_selector_unique ... ok
test vm::contracts::examples::tests::test_modify_game_contract_source_not_empty ... ok
test vm::contracts::force_advance::tests::test_apply_force_advance_advances_current_turn ... ok
test vm::contracts::force_advance::tests::test_apply_force_advance_check_no_chip_change ... ok
test vm::contracts::force_advance::tests::test_apply_force_advance_fold_marks_player_folded ... ok
test vm::contracts::force_advance::tests::test_apply_force_advance_increments_version ... ok
test vm::contracts::force_advance::tests::test_apply_force_advance_no_hand_returns_error ... ok
test vm::contracts::force_advance::tests::test_apply_force_advance_updates_last_action_height ... ok
test vm::contracts::force_advance::tests::test_apply_force_advance_natural_frequency_limit ... ok
test vm::contracts::force_advance::tests::test_force_advance_exact_timeout_boundary ... ok
test vm::contracts::force_advance::tests::test_force_advance_hand_already_settled ... ok
test vm::contracts::force_advance::tests::test_force_advance_not_timed_out ... ok
test vm::contracts::force_advance::tests::test_force_advance_one_block_before_timeout ... ok
test vm::contracts::force_advance::tests::test_force_advance_one_block_past_timeout ... ok
test vm::contracts::force_advance::tests::test_force_advance_player_already_folded ... ok
test vm::contracts::force_advance::tests::test_force_advance_player_not_in_game ... ok
test vm::contracts::force_advance::tests::test_force_advance_postflop_check_any_player ... ok
test vm::contracts::force_advance::tests::test_force_advance_postflop_check_no_bet ... ok
test vm::contracts::force_advance::tests::test_force_advance_postflop_fold_when_bet ... ok
test vm::contracts::force_advance::tests::test_force_advance_postflop_fold_when_bet_count_positive ... ok
test vm::contracts::force_advance::tests::test_force_advance_preflop_bb_check_no_raise ... ok
test vm::contracts::force_advance::tests::test_force_advance_preflop_bb_fold_when_raise_count_positive ... ok
test vm::contracts::force_advance::tests::test_force_advance_preflop_bb_fold_when_raised ... ok
test vm::contracts::force_advance::tests::test_force_advance_preflop_non_bb_fold_no_raise ... ok
test vm::contracts::force_advance::tests::test_force_advance_river_postflop_check ... ok
test vm::contracts::force_advance::tests::test_force_advance_zero_timeout_blocks ... ok
test vm::contracts::force_checkin::tests::test_apply_designated_operator_check_exemption_increments ... ok
test vm::contracts::force_checkin::tests::test_apply_force_checkin_boundary_inclusive ... ok
test vm::contracts::force_checkin::tests::test_apply_force_checkin_clears_last_checkpoint_state_hash ... ok
test vm::contracts::force_checkin::tests::test_apply_force_checkin_clears_last_commitment ... ok
test vm::contracts::force_checkin::tests::test_apply_force_checkin_designated_operator_boundary_doubled ... ok
test vm::contracts::force_checkin::tests::test_apply_force_checkin_designated_operator_machine_failure ... ok
test vm::contracts::force_checkin::tests::test_apply_force_checkin_increments_version ... ok
test vm::contracts::force_checkin::tests::test_apply_force_checkin_just_after_boundary ... ok
test vm::contracts::force_checkin::tests::test_apply_force_checkin_machine_failure_no_forfeit ... ok
test vm::contracts::force_checkin::tests::test_apply_force_checkin_malicious_withholding_forfeits ... ok
test vm::contracts::force_checkin::tests::test_apply_force_checkin_not_feasible_no_checkpoint ... ok
test vm::contracts::force_checkin::tests::test_apply_force_checkin_updates_last_action_height ... ok
test vm::contracts::force_checkin::tests::test_apply_force_checkin_zero_state_delta_allowed ... ok
test vm::contracts::force_checkin::tests::test_constants ... ok
test vm::contracts::force_checkin::tests::test_determine_scenario_designated_operator_boundary_doubled ... ok
test vm::contracts::force_checkin::tests::test_determine_scenario_designated_operator_machine_failure ... ok
test vm::contracts::force_checkin::tests::test_determine_scenario_machine_failure ... ok
test vm::contracts::force_checkin::tests::test_determine_scenario_malicious_withholding ... ok
test vm::contracts::force_checkin::tests::test_determine_scenario_not_feasible_no_checkpoint ... ok
test vm::contracts::force_checkin::tests::test_forfeit_decision_boundary_inclusive ... ok
test vm::contracts::force_checkin::tests::test_forfeit_decision_current_before_last_action ... ok
test vm::contracts::force_checkin::tests::test_forfeit_decision_designated_operator_boundary_doubled ... ok
test vm::contracts::force_checkin::tests::test_forfeit_decision_designated_operator_machine_failure ... ok
test vm::contracts::force_checkin::tests::test_forfeit_decision_just_after_boundary ... ok
test vm::contracts::force_checkin::tests::test_forfeit_decision_machine_failure ... ok
test vm::contracts::force_checkin::tests::test_forfeit_decision_malicious_withholding ... ok
test vm::contracts::force_checkin::tests::test_is_designated_operator_exemption_exhausted ... ok
test vm::contracts::force_checkin::tests::test_recovery_stage_just_after_stage1 ... ok
test vm::contracts::force_checkin::tests::test_recovery_stage_stage1 ... ok
test vm::contracts::force_checkin::tests::test_recovery_stage_stage1_boundary_inclusive ... ok
test vm::contracts::force_checkin::tests::test_recovery_stage_stage2 ... ok
test vm::contracts::force_checkin::tests::test_recovery_stage_stage2_boundary_inclusive ... ok
test vm::contracts::force_checkin::tests::test_recovery_stage_stage3 ... ok
test vm::contracts::force_checkin::tests::test_should_exempt_current_turn_player_no_exhausted ... ok
test vm::contracts::force_checkin::tests::test_should_exempt_current_turn_player_no_not_designated ... ok
test vm::contracts::force_checkin::tests::test_should_exempt_current_turn_player_one_left ... ok
test vm::contracts::force_checkin::tests::test_should_exempt_current_turn_player_yes ... ok
test vm::contracts::force_checkin::tests::test_validate_game_id_match ... ok
test vm::contracts::force_checkin::tests::test_validate_game_id_mismatch ... ok
test vm::contracts::force_checkpoint::tests::test_apply_force_checkpoint_game_id_mismatch ... ok
test vm::contracts::force_checkpoint::tests::test_apply_force_checkpoint_reaches_investigation_threshold ... ok
test vm::contracts::force_checkpoint::tests::test_compute_force_checkpoint_deposit_default ... ok
test vm::contracts::force_checkpoint::tests::test_compute_force_checkpoint_deposit_high_ratio ... ok
test vm::contracts::force_checkpoint::tests::test_apply_force_checkpoint_success_first_time ... ok
test vm::contracts::force_checkpoint::tests::test_compute_force_checkpoint_deposit_zero_buy_in ... ok
test vm::contracts::force_checkpoint::tests::test_constants ... ok
test vm::contracts::force_checkpoint::tests::test_failure_proof_insufficient_witnesses ... ok
test vm::contracts::force_checkpoint::tests::test_failure_proof_duplicate_witnesses_below_threshold ... ok
test vm::contracts::force_checkpoint::tests::test_failure_proof_witness_not_in_validator_set ... ok
test vm::contracts::force_checkpoint::tests::test_force_checkpoint_commitment_hash_deterministic ... ok
test vm::contracts::force_checkpoint::tests::test_force_checkpoint_tx_game_id_mismatch ... ok
test vm::contracts::force_checkpoint::tests::test_force_checkpoint_commitment_hash_differs_by_state ... ok
test vm::contracts::force_checkpoint::tests::test_force_checkpoint_tx_state_hash_mismatch ... ok
test vm::contracts::force_checkpoint::tests::test_non_inclusion_proof_wrong_path_len ... ok
test vm::contracts::force_checkpoint::tests::test_receipt_signing_hash_deterministic ... ok
test vm::contracts::force_checkpoint::tests::test_receipt_signing_hash_differs_by_chain_id ... ok
test vm::contracts::force_checkpoint::tests::test_receipt_signing_hash_differs_by_round_range ... ok
test vm::contracts::force_checkpoint::tests::test_round_range_proof_bitmap_length_mismatch ... ok
test vm::contracts::force_checkpoint::tests::test_round_range_proof_bitmap_set_bits_mismatch ... ok
test vm::contracts::force_checkpoint::tests::test_round_range_proof_round_end_before_start ... ok
test vm::contracts::force_checkpoint::tests::test_round_range_proof_span_exceeds_max ... ok
test vm::contracts::force_checkpoint::tests::test_round_range_proof_valid_empty_vertex_list ... ok
test vm::contracts::force_settle::tests::test_apply_force_settle_already_settled_rejected ... ok
test vm::contracts::force_settle::tests::test_apply_force_settle_clears_anchors ... ok
test vm::contracts::force_settle::tests::test_apply_force_settle_just_past_stage2_boundary ... ok
test vm::contracts::force_settle::tests::test_apply_force_settle_no_hand_rejected ... ok
test vm::contracts::force_settle::tests::test_apply_force_settle_rejected_in_stage1 ... ok
test vm::contracts::force_settle::tests::test_apply_force_settle_rejected_in_stage2 ... ok
test vm::contracts::force_settle::tests::test_apply_force_settle_stage3_boundary_exclusive ... ok
test vm::contracts::force_settle::tests::test_apply_force_settle_succeeds_in_stage3 ... ok
test vm::contracts::force_settle::tests::test_apply_force_settle_wrong_game_id_rejected ... ok
test vm::contracts::force_settle::tests::test_is_force_settle_allowed_stage3 ... ok
test vm::contracts::force_settle::tests::test_is_force_settle_not_allowed_stage1 ... ok
test vm::contracts::force_settle::tests::test_is_force_settle_not_allowed_stage2 ... ok
test vm::contracts::forfeit::tests::test_apply_forfeit_deducts_deposit ... ok
test vm::contracts::forfeit::tests::test_apply_forfeit_increments_version ... ok
test vm::contracts::forfeit::tests::test_apply_forfeit_machine_failure_reason ... ok
test vm::contracts::forfeit::tests::test_apply_forfeit_refund_full ... ok
test vm::contracts::forfeit::tests::test_apply_forfeit_refund_increments_version ... ok
test vm::contracts::forfeit::tests::test_apply_forfeit_refund_zero_deposit ... ok
test vm::contracts::forfeit::tests::test_apply_forfeit_then_refund_zero ... ok
test vm::contracts::forfeit::tests::test_apply_forfeit_with_challenger ... ok
test vm::contracts::forfeit::tests::test_apply_forfeit_wrong_game_id ... ok
test vm::contracts::forfeit::tests::test_apply_forfeit_zero_deposit ... ok
test vm::contracts::forfeit::tests::test_compute_forfeit_deposit_default_ratio ... ok
test vm::contracts::forfeit::tests::test_compute_forfeit_deposit_double_ratio ... ok
test vm::contracts::forfeit::tests::test_compute_forfeit_deposit_half_ratio ... ok
test vm::contracts::forfeit::tests::test_compute_forfeit_deposit_saturating ... ok
test vm::contracts::forfeit::tests::test_compute_forfeit_deposit_zero_buy_in ... ok
test vm::contracts::forfeit::tests::test_constants_sec_c4 ... ok
test vm::contracts::forfeit::tests::test_designated_operator_bond_avoids_outlier ... ok
test vm::contracts::forfeit::tests::test_designated_operator_bond_empty ... ok
test vm::contracts::forfeit::tests::test_designated_operator_bond_even_count ... ok
test vm::contracts::forfeit::tests::test_designated_operator_bond_even_count_floor ... ok
test vm::contracts::forfeit::tests::test_designated_operator_bond_independent_of_forfeit_deposit ... ok
test vm::contracts::forfeit::tests::test_designated_operator_bond_odd_count ... ok
test vm::contracts::forfeit::tests::test_designated_operator_bond_single ... ok
test vm::contracts::forfeit::tests::test_designated_operator_bond_unsorted_input ... ok
test vm::contracts::forfeit::tests::test_distribution_challenger_reward_capped ... ok
test vm::contracts::forfeit::tests::test_distribution_no_challenger ... ok
test vm::contracts::forfeit::tests::test_distribution_no_victims ... ok
test vm::contracts::forfeit::tests::test_distribution_rounding_to_last_victim ... ok
test vm::contracts::forfeit::tests::test_distribution_victims_zero_buy_in_equal_split ... ok
test vm::contracts::forfeit::tests::test_distribution_with_challenger_full_reward ... ok
test vm::contracts::forfeit::tests::test_distribution_with_challenger_partial_reward ... ok
test vm::contracts::forfeit::tests::test_distribution_zero_forfeit_amount ... ok
test vm::contracts::forfeit::tests::test_game_contract_has_designated_operator_bond_field ... ok
test vm::contracts::forfeit::tests::test_validate_designated_operator_bond_insufficient ... ok
test vm::contracts::forfeit::tests::test_validate_designated_operator_bond_mismatch ... ok
test vm::contracts::forfeit::tests::test_validate_designated_operator_bond_ok ... ok
test vm::contracts::forfeit::tests::test_validate_forfeit_deposit_ratio ... ok
test vm::contracts::game_precompile::tests::test_game_precompile_id ... ok
test vm::contracts::game_precompile::tests::test_game_precompile_rejects_unknown_selector ... ok
test vm::contracts::game_precompile::tests::test_game_precompile_supports_known_selector ... ok
test vm::contracts::game_precompile::tests::test_game_precompile_version ... ok
test vm::contracts::hand_started::tests::test_hand_started_empty_players_error ... ok
test vm::contracts::hand_started::tests::test_hand_started_hand_in_progress_error ... ok
test vm::contracts::hand_started::tests::test_hand_started_mode_override_priority ... ok
test vm::contracts::hand_started::tests::test_hand_started_multiple_hands_sequence ... ok
test vm::contracts::hand_started::tests::test_hand_started_no_override_uses_game_mode ... ok
test vm::contracts::hand_started::tests::test_hand_started_offchain_default_mode ... ok
test vm::contracts::hand_started::tests::test_hand_started_offchain_explicit_mode ... ok
test vm::contracts::hand_started::tests::test_hand_started_onchain_default_mode ... ok
test vm::contracts::hand_started::tests::test_hand_started_onchain_explicit_mode ... ok
test vm::contracts::request_da::tests::test_apply_request_da_does_not_modify_last_action_height ... ok
test vm::contracts::request_da::tests::test_apply_request_da_increments_version ... ok
test vm::contracts::request_da::tests::test_apply_request_da_just_past_stage2_boundary ... ok
test vm::contracts::request_da::tests::test_apply_request_da_stage1_still_allowed ... ok
test vm::contracts::request_da::tests::test_apply_request_da_stage2_boundary_inclusive ... ok
test vm::contracts::request_da::tests::test_apply_request_da_stage2_returns_deadlines ... ok
test vm::contracts::request_da::tests::test_apply_request_da_stage3_triggers_force_revert ... ok
test vm::contracts::request_da::tests::test_apply_request_da_wrong_game_id_rejected ... ok
test vm::contracts::request_da::tests::test_is_request_da_appropriate_at_stage1_boundary ... ok
test vm::contracts::request_da::tests::test_is_request_da_appropriate_in_stage1 ... ok
test vm::contracts::request_da::tests::test_is_request_da_appropriate_in_stage3 ... ok
test vm::contracts::request_da::tests::test_is_request_da_appropriate_just_past_stage1 ... ok
test vm::contracts::revert::tests::test_apply_force_revert_clears_anchors ... ok
test vm::contracts::revert::tests::test_apply_force_revert_data_unavailable_forfeits ... ok
test vm::contracts::revert::tests::test_apply_force_revert_designated_operator_boundary_doubled ... ok
test vm::contracts::revert::tests::test_apply_force_revert_designated_operator_machine_failure_still_forfeits ... ok
test vm::contracts::revert::tests::test_apply_force_revert_increments_version ... ok
test vm::contracts::revert::tests::test_apply_force_revert_malicious_withholding_forfeits ... ok
test vm::contracts::revert::tests::test_apply_force_revert_technical_interrupt_allowed_in_stage1 ... ok
test vm::contracts::revert::tests::test_apply_force_revert_technical_interrupt_rejected_in_stage3 ... ok
test vm::contracts::revert::tests::test_apply_force_revert_wrong_game_id_rejected ... ok
test vm::contracts::revert::tests::test_apply_request_revert_clears_last_checkpoint_state_hash ... ok
test vm::contracts::revert::tests::test_apply_request_revert_clears_last_commitment ... ok
test vm::contracts::revert::tests::test_apply_request_revert_data_unavailable_forfeits ... ok
test vm::contracts::revert::tests::test_apply_request_revert_increments_version ... ok
test vm::contracts::revert::tests::test_apply_request_revert_malicious_withholding_age_over_boundary_still_forfeits ... ok
test vm::contracts::revert::tests::test_apply_request_revert_malicious_withholding_forfeits ... ok
test vm::contracts::revert::tests::test_apply_request_revert_technical_interrupt_no_forfeit ... ok
test vm::contracts::revert::tests::test_apply_request_revert_technical_interrupt_rejected_in_stage3 ... ok
test vm::contracts::revert::tests::test_apply_request_revert_wrong_game_id_rejected ... ok
test vm::contracts::revert::tests::test_apply_request_revert_wrong_submitter_rejected ... ok
test vm::contracts::revert::tests::test_revert_reason_is_technical_interrupt ... ok
test vm::contracts::revert::tests::test_revert_reason_triggers_forfeit ... ok
test vm::contracts::settle::tests::test_compute_rake_basic ... ok
test vm::contracts::settle::tests::test_compute_rake_capped ... ok
test vm::contracts::settle::tests::test_compute_rake_full_rate ... ok
test vm::contracts::settle::tests::test_compute_rake_never_exceeds_pot ... ok
test vm::contracts::settle::tests::test_compute_rake_zero_pot ... ok
test vm::contracts::settle::tests::test_compute_rake_zero_rate ... ok
test vm::contracts::settle::tests::test_rake_config_validate ... ok
test vm::contracts::settle::tests::test_settle_hand_all_folded_error ... ok
test vm::contracts::settle::tests::test_settle_hand_basic ... ok
test vm::contracts::settle::tests::test_settle_hand_capped_rake ... ok
test vm::contracts::settle::tests::test_settle_hand_id_type_check ... ok
test vm::contracts::settle::tests::test_settle_hand_invalid_rake_config ... ok
test vm::contracts::settle::tests::test_settle_hand_multiple_winners_takes_first ... ok
test vm::contracts::force_checkpoint::tests::test_non_inclusion_proof_root_mismatch ... ok
test vm::contracts::settle::tests::test_settle_hand_object_id_independent ... ok
test vm::contracts::settle::tests::test_settle_hand_winner_is_last_unfolded ... ok
test vm::contracts::settle::tests::test_settle_hand_zero_pot ... ok
test vm::contracts::texas_poker::betting::tests::test_available_actions ... ok
test vm::contracts::texas_poker::betting::tests::test_can_check ... ok
test vm::contracts::texas_poker::betting::tests::test_chips_to_call ... ok
test vm::contracts::texas_poker::betting::tests::test_new_postflop ... ok
test vm::contracts::texas_poker::betting::tests::test_new_preflop ... ok
test vm::contracts::texas_poker::betting::tests::test_process_call ... ok
test vm::contracts::texas_poker::betting::tests::test_process_raise_all_in_short ... ok
test vm::contracts::texas_poker::betting::tests::test_process_raise_all_in_sufficient ... ok
test vm::contracts::texas_poker::betting::tests::test_process_raise_below_min_rejected ... ok
test vm::contracts::texas_poker::betting::tests::test_process_raise_insufficient_stack ... ok
test vm::contracts::texas_poker::betting::tests::test_process_raise_normal ... ok
test vm::contracts::texas_poker::card::tests::test_card_display ... ok
test vm::contracts::texas_poker::card::tests::test_card_index_roundtrip ... ok
test vm::contracts::texas_poker::card::tests::test_card_valid ... ok
test vm::contracts::texas_poker::card::tests::test_playing_card_to_card_mapping ... ok
test vm::contracts::texas_poker::constants::tests::test_player_limits ... ok
test vm::contracts::texas_poker::constants::tests::test_round_state_constants ... ok
test vm::contracts::texas_poker::constants::tests::test_shuffle_phase_constants ... ok
test vm::contracts::texas_poker::dispatch::tests::all_selectors_unique ... ok
test vm::contracts::texas_poker::dispatch::tests::batch_tags_collapse_compatibility_selectors ... ok
test vm::contracts::texas_poker::dispatch::tests::archive_decoder_rejects_every_retired_selector ... ok
test vm::contracts::force_checkpoint::tests::test_non_inclusion_proof_valid ... ok
test vm::contracts::texas_poker::dispatch::tests::canonical_command_tags_cover_all_selectors ... ok
test vm::contracts::texas_poker::dispatch::tests::canonical_payload_physically_omits_derivable_actor_fields ... ok
test vm::contracts::texas_poker::dispatch::tests::crypto_selectors_reject_seat_only_substitution ... ok
test vm::contracts::texas_poker::dispatch::tests::dispatch_advance_deadline_accepts_expired_turn_without_time_bank ... ok
test vm::contracts::texas_poker::dispatch::tests::dispatch_advance_deadline_does_not_start_hand_without_a_deadline ... ok
test vm::contracts::texas_poker::dispatch::tests::dispatch_advance_deadline_is_noop_before_consensus_timeout ... ok
test vm::contracts::texas_poker::dispatch::tests::dispatch_advance_deadline_is_noop_while_time_bank_remains ... ok
test vm::contracts::texas_poker::dispatch::tests::build_method_input_covers_remaining_internal_selectors ... ok
test vm::contracts::texas_poker::dispatch::tests::dispatch_advance_deadline_rejects_every_timestamp_payload ... ok
test vm::contracts::texas_poker::dispatch::tests::dispatch_advance_deadline_rejects_legacy_timestamp_payload ... ok
test vm::contracts::texas_poker::dispatch::tests::dispatch_advance_deadline_rejects_unarmed_active_state ... ok
test vm::contracts::texas_poker::dispatch::tests::dispatch_advance_deadline_without_state_change_has_no_task_or_sequence_increment ... ok
test vm::contracts::texas_poker::dispatch::tests::dispatch_create_table_initializes ... ok
test vm::contracts::texas_poker::dispatch::tests::dispatch_create_table_rejects_invalid_max_players ... ok
test vm::contracts::texas_poker::dispatch::tests::dispatch_fold_rejects_non_seat_player ... ok
test vm::contracts::texas_poker::dispatch::tests::dispatch_advance_deadline_lowers_to_the_tick_proof_tag ... ok
test vm::contracts::texas_poker::dispatch::tests::dispatch_kick_player_marks_seat ... ok
test vm::contracts::texas_poker::dispatch::tests::dispatch_kick_rejects_non_creator ... ok
test vm::contracts::texas_poker::dispatch::tests::dispatch_kick_rejects_out_of_range_seat ... ok
test vm::contracts::texas_poker::dispatch::tests::dispatch_leave_table_rejects_pool_underflow_without_mutation ... ok
test vm::contracts::texas_poker::dispatch::tests::dispatch_unknown_method_returns_error ... ok
test vm::contracts::texas_poker::dispatch::tests::dispatch_join_table_then_leave_table ... ok
test sync::tests::test_apply_snapshot_roundtrip ... ok
test vm::contracts::cairo_fact_registry::tests::submit_proof_chunk_at_cap_creates_no_object ... ok
test vm::contracts::texas_poker::dispatch::tests::fold_with_proof_rejects_already_folded ... ok
test vm::contracts::texas_poker::dispatch::tests::fold_with_proof_rejects_non_seat_player ... ok
test vm::contracts::texas_poker::dispatch::tests::fold_with_proof_rejects_not_turn ... ok
test vm::contracts::texas_poker::dispatch::tests::fold_with_proof_rejects_out_of_range_seat ... ok
test vm::contracts::texas_poker::dispatch::tests::fold_with_proof_rejects_waiting_state ... ok
test vm::contracts::texas_poker::dispatch::tests::join_table_rejects_identity_key_and_invalid_ownership_proof_atomically ... ok
test vm::contracts::texas_poker::dispatch::tests::kick_player_v2_canonical_payload_contains_only_the_target_seat ... ok
test vm::contracts::texas_poker::dispatch::tests::player_command_rejects_claimed_seat_different_from_authenticated_caller_seat ... ok
test vm::contracts::texas_poker::dispatch::tests::proof_input_lowering_omits_actor_and_rejects_legacy_actor_bytes ... ok
test vm::contracts::cairo_fact_registry::tests::staged_caller_ring_eviction_beyond_cap ... ok
test vm::contracts::texas_poker::dispatch::tests::crypto_canonical_payloads_omit_authenticated_actors_and_replay_exactly ... ok
test vm::contracts::texas_poker::dispatch::tests::reveal_wire_physically_omits_assignment_indices_and_rejects_old_shape ... ok
test vm::contracts::texas_poker::dispatch::tests::selector_deterministic ... ok
test sync::tests::test_fast_sync_full_workflow ... ok
test vm::contracts::texas_poker::dispatch::tests::set_leave_is_explicit_and_idempotent ... ok
test vm::contracts::texas_poker::dispatch::tests::set_leave_rejects_non_seat_player ... ok
test vm::contracts::texas_poker::dispatch::tests::set_leave_rejects_out_of_range_seat ... ok
test vm::contracts::texas_poker::dispatch::tests::set_leave_works_mid_hand ... ok
test vm::contracts::texas_poker::dispatch::tests::source_dispatch_rejects_every_retired_selector_before_mutation ... ok
test vm::contracts::texas_poker::dispatch::tests::zero_argument_admin_methods_reject_trailing_bytes_atomically ... ok
test vm::contracts::texas_poker::events::tests::test_all_variants_borsh_serializable ... ok
test vm::contracts::texas_poker::events::tests::test_constants_match_move ... ok
test vm::contracts::texas_poker::events::tests::test_emit_event_appends ... ok
test vm::contracts::texas_poker::events::tests::test_event_borsh_roundtrip_community_card_revealed ... ok
test vm::contracts::texas_poker::events::tests::test_event_borsh_roundtrip_current_turn_changed ... ok
test vm::contracts::texas_poker::events::tests::test_event_borsh_roundtrip_current_turn_changed_none ... ok
test vm::contracts::texas_poker::events::tests::test_event_borsh_roundtrip_hand_started ... ok
test vm::contracts::texas_poker::events::tests::test_event_borsh_roundtrip_player_joined ... ok
test vm::contracts::texas_poker::events::tests::test_event_borsh_roundtrip_table_created ... ok
test vm::contracts::texas_poker::hand_evaluator::tests::test_compare ... ok
test vm::contracts::texas_poker::hand_evaluator::tests::test_evaluate_best_partial_fewer_cards ... ok
test vm::contracts::texas_poker::hand_evaluator::tests::test_find_winners_single ... ok
test vm::contracts::texas_poker::hand_evaluator::tests::test_find_winners_tie ... ok
test vm::contracts::texas_poker::hand_evaluator::tests::test_flush ... ok
test vm::contracts::texas_poker::hand_evaluator::tests::test_four_of_a_kind ... ok
test vm::contracts::texas_poker::hand_evaluator::tests::test_full_house ... ok
test vm::contracts::texas_poker::hand_evaluator::tests::test_high_card ... ok
test vm::contracts::texas_poker::hand_evaluator::tests::test_one_pair ... ok
test vm::contracts::texas_poker::hand_evaluator::tests::test_royal_flush ... ok
test vm::contracts::texas_poker::hand_evaluator::tests::test_straight ... ok
test vm::contracts::texas_poker::hand_evaluator::tests::test_straight_flush_wheel ... ok
test vm::contracts::texas_poker::hand_evaluator::tests::test_straight_wheel ... ok
test vm::contracts::texas_poker::hand_evaluator::tests::test_three_of_a_kind ... ok
test vm::contracts::texas_poker::hand_evaluator::tests::test_two_pair ... ok
test vm::contracts::texas_poker::prove_task::tests::burn_mode_uncontested_settlement_burns_without_treasury_output ... ok
test vm::contracts::texas_poker::prove_task::tests::burn_mode_yields_burn_view_and_no_treasury_receipt ... ok
test vm::contracts::texas_poker::prove_task::tests::l1_prove_task_borsh_roundtrip ... ok
test vm::contracts::texas_poker::prove_task::tests::none_mode_is_quiet_and_inconsistent_or_unknown_modes_fail_closed ... ok
test vm::contracts::texas_poker::prove_task::tests::percentage_mode_keeps_treasury_receipt_and_no_burn_view ... ok
test vm::contracts::texas_poker::reconstruction_v3::borsh_impl_stark::tests::reconstruction_v3_borsh_rejects_unknown_version_and_huge_length ... ok
test vm::contracts::texas_poker::dispatch::tests::fold_with_proof_last_player_standing_ends_hand ... ok
test vm::contracts::texas_poker::reconstruction_v3::ordered_encryption::tests::verifier_distinguishes_shape_from_identity_commitments ... ok
test vm::contracts::texas_poker::reconstruction_v3::swap_out::tests::chaum_pedersen_prover_rejects_mismatched_statement ... ok
test vm::contracts::texas_poker::reconstruction_v3::swap_out::tests::reconstruction_dleq_honest_and_verify_shape_checks ... ok
test vm::contracts::texas_poker::reconstruction_v3::swap_out::tests::reconstruction_dleq_rejects_empty_length_mismatch_and_wrong_witness ... ok
test vm::contracts::texas_poker::settlement::tests::burn_and_percentage_plans_match_but_disposals_differ ... ok
test vm::contracts::texas_poker::settlement::tests::burn_table_core_snapshot_derivation_matches_vm_glue ... ok
test vm::contracts::texas_poker::settlement::tests::burn_table_settlement_conserves_funds_with_burn_disposal ... ok
test vm::contracts::texas_poker::settlement::tests::core_snapshot_derivation_matches_vm_glue_derivation ... ok
test vm::contracts::texas_poker::settlement::tests::duplicate_cross_runout_card_is_rejected ... ok
test vm::contracts::texas_poker::settlement::tests::mode_0_and_1_disposals_are_unchanged ... ok
test vm::contracts::texas_poker::settlement::tests::multiway_rit_side_pots_ties_rake_and_odd_chips_are_canonical ... ok
test vm::contracts::texas_poker::settlement::tests::odd_chip_order_starts_clockwise_after_button ... ok
test vm::contracts::texas_poker::settlement::tests::settlement_boards_and_plan_use_one_typed_runout_schedule ... ok
test vm::contracts::texas_poker::dispatch::tests::reset_does_not_remove_players_without_leave_request ... ok
test vm::contracts::texas_poker::settlement::tests::settlement_pot_v2_omits_contested_and_rejects_v1_bytes ... ok
test vm::contracts::texas_poker::settlement::tests::settlement_runout_v2_omits_active_and_rejects_v1_bytes ... ok
test vm::contracts::texas_poker::settlement::tests::single_runout_plan_is_canonical_and_conserves_funds ... ok
test vm::contracts::texas_poker::settlement::tests::uncalled_outer_layer_is_returned_without_rake_or_runout_dependency ... ok
test vm::contracts::texas_poker::settlement::tests::two_runouts_split_each_side_pot_before_selecting_winners ... ok
test vm::contracts::texas_poker::side_pot::tests::test_all_in_bets_same_level ... ok
test vm::contracts::texas_poker::side_pot::tests::test_bet_overflow_detected ... ok
test vm::contracts::texas_poker::side_pot::tests::test_empty_eligible_merge ... ok
test vm::contracts::texas_poker::side_pot::tests::test_folded_player_contributes_but_ineligible ... ok
test vm::contracts::texas_poker::side_pot::tests::test_length_mismatch_rejected ... ok
test vm::contracts::texas_poker::side_pot::tests::test_no_all_in_single_pot ... ok
test vm::contracts::texas_poker::side_pot::tests::test_seat_bit_and_is_eligible ... ok
test vm::contracts::texas_poker::side_pot::tests::test_side_pot_borsh_roundtrip ... ok
test vm::contracts::texas_poker::side_pot::tests::test_single_all_in_two_pots ... ok
test vm::contracts::texas_poker::side_pot::tests::test_three_players_two_all_in_levels ... ok
test vm::contracts::texas_poker::state_codec::tests::old_hot_schema_fails_closed ... ok
test vm::contracts::texas_poker::state_codec::tests::old_schema_fails_closed ... ok
test vm::contracts::texas_poker::state_codec::tests::current_resolved_and_hot_roundtrip ... ok
test vm::contracts::texas_poker::state_codec::tests::vacant_seat_keeps_only_time_bank ... ok
test vm::contracts::texas_poker::state_machine::tests::normalize_completes_ready_reveal_phase ... ok
test vm::contracts::texas_poker::state_machine::tests::normalize_rejects_betting_payload_on_showdown_atomically ... ok
test vm::contracts::texas_poker::state_machine::tests::advance_betting_deadline_normalizes_then_reports_not_due_and_extends_time_bank ... ok
test vm::contracts::texas_poker::state_machine::tests::normalize_rejects_unmaterialized_reveal_atomically ... ok
test vm::contracts::texas_poker::state_machine::tests::rit_reconstruct_restart_rejects_diverged_boards_atomically ... ok
test vm::contracts::texas_poker::dispatch::tests::reset_for_next_hand_enforces_want_leave ... ok
test vm::contracts::texas_poker::state_machine::tests::run_it_twice_does_not_trigger_after_river_is_complete ... ok
test network::tests::proof_package_chunks_roundtrip_out_of_order ... ok
test vm::contracts::texas_poker::state_machine::tests::run_it_twice_triggers_from_each_incomplete_street ... ok
test vm::contracts::texas_poker::state_machine::tests::run_it_twice_turn_reveal_schedules_one_card_per_board ... ok
test vm::contracts::texas_poker::state_machine::tests::rit_reconstruct_restart_uses_fresh_indices_and_preserves_both_boards ... ok
test vm::contracts::texas_poker::state_machine::tests::settlement_reset_failure_leaves_table_and_events_unchanged ... ok
test vm::contracts::texas_poker::state_machine::tests::shuffle_actor_is_derived_without_normalization_step ... ok
test vm::contracts::texas_poker::dispatch::tests::set_leave_full_lifecycle_refund_and_events ... ok
test vm::contracts::texas_poker::state_machine::tests::test_add_remove_pk_aggregated ... ok
test vm::contracts::texas_poker::state_machine::tests::test_ante_does_not_buy_down_call_and_table_vault_reconciles ... ok
test vm::contracts::texas_poker::state_machine::tests::test_apply_addon_accumulates ... ok
test vm::contracts::texas_poker::state_machine::tests::test_apply_addon_basic ... ok
test vm::contracts::texas_poker::state_machine::tests::test_apply_addon_invalid_seat ... ok
test vm::contracts::texas_poker::state_machine::tests::test_apply_bet_postflop ... ok
test vm::contracts::texas_poker::state_machine::tests::test_apply_bet_rejects_when_current_bet_exists ... ok
test vm::contracts::texas_poker::state_machine::tests::test_apply_bet_rejects_zero_amount ... ok
test vm::contracts::texas_poker::state_machine::tests::test_apply_call_deducts_stack ... ok
test storage::object_db::tests::large_batch_persists ... ok
test vm::contracts::texas_poker::state_machine::tests::test_apply_raise_resets_others_acted ... ok
test vm::contracts::texas_poker::state_machine::tests::test_apply_rebuy_immediate ... ok
test vm::contracts::texas_poker::state_machine::tests::test_apply_rebuy_invalid ... ok
test vm::contracts::texas_poker::state_machine::tests::test_can_join_state_initial ... ok
test vm::contracts::texas_poker::state_machine::tests::test_collect_ante_bba_mode ... ok
test vm::contracts::texas_poker::state_machine::tests::test_collect_ante_none_mode ... ok
test vm::contracts::texas_poker::state_machine::tests::test_collect_ante_normal_mode ... ok
test vm::contracts::texas_poker::state_machine::tests::test_collect_bets_to_pot_overflow_is_atomic ... ok
test vm::contracts::texas_poker::state_machine::tests::test_collect_rake_capped ... ok
test vm::contracts::texas_poker::state_machine::tests::test_collect_rake_fixed_rake_burn_matches_percentage_quantity ... ok
test vm::contracts::texas_poker::state_machine::tests::test_collect_rake_none_mode ... ok
test vm::contracts::texas_poker::state_machine::tests::test_collect_rake_percentage ... ok
test vm::contracts::texas_poker::state_machine::tests::test_collect_rake_uses_full_width_multiplication ... ok
test vm::contracts::texas_poker::state_machine::tests::test_active_kick_settlement_resets_once ... ok
test vm::contracts::texas_poker::state_machine::tests::test_consume_time_bank_basic ... ok
test vm::contracts::texas_poker::state_machine::tests::test_consume_time_bank_insufficient ... ok
test vm::contracts::texas_poker::state_machine::tests::test_count_active_players ... ok
test vm::contracts::texas_poker::state_machine::tests::settle_hand_applies_two_runouts_and_resets_atomically ... ok
test vm::contracts::texas_poker::state_machine::tests::test_find_next_active_seat ... ok
test vm::contracts::texas_poker::state_machine::tests::test_get_active_seat_indices ... ok
test vm::contracts::texas_poker::state_machine::tests::test_apply_fold_ends_without_showdown ... ok
test vm::contracts::texas_poker::state_machine::tests::test_is_betting_complete ... ok
test vm::contracts::texas_poker::state_machine::tests::test_is_pk_registered ... ok
test vm::contracts::texas_poker::state_machine::tests::test_kick_player_internal_removes_pk ... ok
test vm::contracts::texas_poker::state_machine::tests::test_kick_player_nested_reset_failure_is_atomic ... ok
test vm::contracts::texas_poker::state_machine::tests::test_kick_player_pool_underflow_is_atomic ... ok
test vm::contracts::texas_poker::state_machine::tests::reconstruct_shuffle_timeout_preserves_resume_street_and_reveal ... ok
test vm::contracts::texas_poker::state_machine::tests::test_partial_decrypt_c2_subtracts_tokens ... ok
test vm::contracts::texas_poker::state_machine::tests::test_post_blinds_heads_up ... ok
test consensus::checkpoint::tests::perf_threshold_vs_aggregate_verification ... ok
test vm::contracts::texas_poker::state_machine::tests::test_remove_from_pending_mask ... ok
test vm::contracts::texas_poker::state_machine::tests::test_non_current_active_kick_awards_survivor_before_reset ... ok
test vm::contracts::texas_poker::state_machine::tests::test_reset_for_next_hand_addon_then_cleanup ... ok
test vm::contracts::texas_poker::state_machine::tests::test_reset_for_next_hand_leave_underflow_is_atomic ... ok
test vm::contracts::texas_poker::state_machine::tests::test_reset_for_next_hand_clears_state ... ok
test vm::contracts::texas_poker::state_machine::tests::test_reset_for_next_hand_pending_sum_overflow_is_atomic ... ok
test vm::contracts::texas_poker::state_machine::tests::test_reset_for_next_hand_merges_addon ... ok
test vm::contracts::texas_poker::state_machine::tests::test_set_leave_after_hand_is_idempotent ... ok
test vm::contracts::texas_poker::state_machine::tests::test_community_reveal_uses_plaintext_identity_not_encrypted_index ... ok
test vm::contracts::texas_poker::state_machine::tests::test_set_initial_encrypted_deck ... ok
test vm::contracts::texas_poker::state_machine::tests::test_start_hand_requires_min_players ... ok
test vm::contracts::texas_poker::state_machine::tests::test_trigger_run_it_twice_disabled ... ok
test vm::contracts::texas_poker::state_machine::tests::test_trigger_run_it_twice_enabled ... ok
test vm::contracts::texas_poker::state_machine::tests::test_duplicate_community_plaintext_is_rejected_atomically ... ok
test vm::contracts::texas_poker::state_machine::tests::test_hole_card_duplicate_with_community_is_rejected_atomically ... ok
test vm::contracts::texas_poker::types::tests::betting_turn_accepts_only_a_live_seat_or_the_four_bit_sentinel ... ok
test vm::contracts::texas_poker::types::tests::canonical_hand_phase_carries_suspended_reveal_during_reconstruct ... ok
test vm::contracts::texas_poker::types::tests::canonical_hand_phase_variant_replaces_incompatible_payload ... ok
test vm::contracts::texas_poker::types::tests::canonical_table_rejects_one_player_occupying_multiple_seats ... ok
test vm::contracts::texas_poker::types::tests::enter_revealing_rejects_purpose_street_mismatch_atomically ... ok
test vm::contracts::texas_poker::types::tests::enter_revealing_rejects_purpose_target_mismatch_atomically ... ok
test vm::contracts::texas_poker::types::tests::partial_hole_ledger_is_fixed_and_iterates_by_seat_then_slot ... ok
test vm::contracts::texas_poker::types::tests::partial_hole_ledger_rejects_duplicate_slots_lineage_and_bounds ... ok
test vm::contracts::texas_poker::types::tests::phase_helpers_clear_incompatible_payloads_and_deadline_overflow_is_atomic ... ok
test vm::contracts::texas_poker::types::tests::reveal_purpose_projects_only_on_compatible_streets ... ok
test vm::contracts::texas_poker::types::tests::seat_variant_mutations_preserve_tagged_payload_invariants ... ok
test vm::contracts::texas_poker::types::tests::shuffle_sub_union_separates_initial_and_reconstruct_payloads ... ok
test vm::contracts::texas_poker::types::tests::table_rules_accept_fixed_rake_burn_and_reject_unknown_modes ... ok
test vm::contracts::texas_poker::types::tests::table_schema_rejects_partial_slots_outside_table_and_materialized_overlap ... ok
test vm::contracts::texas_poker::types::tests::test_reconstruct_state_default ... ok
test vm::contracts::texas_poker::types::tests::test_seat_borsh_roundtrip ... ok
test vm::contracts::texas_poker::types::tests::test_seat_empty ... ok
test vm::contracts::texas_poker::types::tests::test_seat_status_transitions ... ok
test vm::contracts::texas_poker::types::tests::test_shuffle_state_default ... ok
test vm::contracts::texas_poker::types::tests::test_table_active_count ... ok
test vm::contracts::texas_poker::types::tests::test_table_borsh_roundtrip ... ok
test vm::contracts::texas_poker::types::tests::test_table_find_empty_seat ... ok
test vm::contracts::texas_poker::types::tests::test_table_find_seat ... ok
test vm::contracts::texas_poker::types::tests::test_table_new ... ok
test vm::contracts::texas_poker::types::tests::test_table_new_invalid_params ... ok
test vm::contracts::texas_poker::types::tests::test_timeout_config_defaults_match_move ... ok
test vm::contracts::texas_poker::utils::tests::test_add_pk_to_c2 ... ok
test vm::contracts::texas_poker::utils::tests::test_encrypt_decrypt_roundtrip ... ok
test vm::contracts::texas_poker::utils::tests::test_g1_msm ... ok
test vm::contracts::texas_poker::utils::tests::test_g1_roundtrip ... ok
test vm::contracts::texas_poker::state_machine::tests::test_tick_only_consumes_deadline_after_explicit_start ... ok
test vm::contracts::texas_poker::tests::differential::generate_differential_vectors ... ok
test vm::contracts::texas_poker::utils::tests::test_hash_to_scalar_deterministic ... ok
test vm::contracts::texas_poker::utils::tests::test_generate_plaintext_cards_count ... ok
test vm::contracts::texas_poker::utils::tests::test_re_encrypt_preserves_decryption ... ok
test vm::contracts::texas_poker::utils::tests::test_remask_identity_c1_fails ... ok
test vm::contracts::texas_poker::utils::tests::test_remask_changes_ciphertext ... ok
test vm::contracts::texas_poker::utils::tests::test_scalar_roundtrip ... ok
test vm::contracts::texas_poker::utils::tests::test_u64_to_ascii ... ok
test vm::contracts::texas_poker::utils::tests::test_verify_dleq_dishonest ... ok
test vm::contracts::texas_poker::utils::tests::test_verify_dleq_honest ... ok
test vm::contracts::texas_poker::utils::tests::test_verify_or_skip_no_skip_returns_closure_value ... ok
test vm::contracts::texas_poker::utils::tests::test_verify_or_skip_skip_mode ... ok
test vm::contracts::texas_poker::utils::tests::test_verify_pk_ownership_identity_pk_rejected ... ok
test vm::contracts::texas_poker::utils::tests::test_reveal_token_partial_decrypt ... ok
test vm::contracts::texas_poker::utils::tests::test_verify_pk_ownership_wrong_length_rejected ... ok
test vm::contracts::texas_poker_precompile::tests::bet_only_refund_stays_inside_table_vault ... ok
test vm::contracts::texas_poker::utils::tests::test_verify_pk_ownership_valid ... ok
test vm::contracts::texas_poker_precompile::tests::context_openings_are_required_and_digest_bound ... ok
test vm::contracts::texas_poker_precompile::tests::funded_addon_consumes_input_creates_change_and_updates_all_vaults ... ok
test vm::contracts::texas_poker::state_machine::tests::test_start_hand_initializes_deck ... ok
test vm::contracts::texas_poker_precompile::tests::funded_join_without_coin_input_is_rejected_without_table_mutation ... ok
test vm::contracts::texas_poker_precompile::tests::funded_join_creates_change_and_leave_creates_payout ... ok
test vm::contracts::texas_poker_precompile::tests::funded_addon_failure_discards_table_coin_treasury_and_root_changes ... ok
test vm::contracts::texas_poker_precompile::tests::funded_rebuy_consumes_input_creates_change_and_preserves_pending_addons ... ok
test vm::contracts::texas_poker_precompile::tests::missing_or_non_canonical_context_objects_fail_closed ... ok
test vm::contracts::texas_poker_precompile::tests::leave_after_pending_addon_refunds_stack_and_pending_addon ... ok
test vm::contracts::texas_poker_precompile::tests::rake_event_creates_a_treasury_escrow_output ... ok
test vm::contracts::texas_poker_precompile::tests::rake_receipt_must_be_unique_and_match_the_settlement_plan ... ok
test vm::contracts::texas_poker_precompile::tests::old_resolved_objectdb_layout_and_failed_create_are_rejected_without_partial_context ... ok
test vm::contracts::texas_poker_precompile::tests::stack_refunds_leave_table_vault_but_unknown_types_fail_closed ... ok
test vm::contracts::texas_poker::state_machine::tests::test_unknown_community_plaintext_is_rejected_atomically ... ok
test vm::contracts::texas_poker_precompile::tests::test_texas_poker_precompile_id ... ok
test vm::contracts::texas_poker_precompile::tests::test_texas_poker_precompile_is_gas_free ... ok
test vm::contracts::texas_poker_precompile::tests::join_addon_rebuy_leave_preserves_wallet_vault_and_treasury ... ok
test vm::contracts::texas_poker_precompile::tests::test_texas_poker_precompile_rejects_unknown_selector ... ok
test vm::contracts::texas_poker_precompile::tests::test_texas_poker_precompile_supports_known_selector ... ok
test vm::contracts::texas_poker_precompile::tests::test_texas_poker_precompile_version ... ok
test vm::contracts::types::tests::test_game_action_is_fold_check ... ok
test vm::contracts::types::tests::test_game_contract_new_and_start_hand ... ok
test vm::contracts::types::tests::test_game_phase_betting_round ... ok
test vm::contracts::texas_poker_precompile::tests::test_texas_poker_precompile_create_table_first_call ... ok
test vm::contracts::types::tests::test_game_phase_is_settled ... ok
test vm::contracts::types::tests::test_hand_state_find_player_and_big_blind ... ok
test vm::contracts::types::tests::test_hand_state_no_betting_action_postflop ... ok
test vm::contracts::types::tests::test_hand_state_no_betting_action_preflop ... ok
test vm::contracts::types::tests::test_player_active_games ... ok
test vm::contracts::types::tests::test_player_stack_new ... ok
test vm::crypto_blstrs::tests::test_blstrs_aggregate_empty ... ok
test vm::crypto_blstrs::tests::test_blstrs_blake2b_256 ... ok
test vm::crypto_blstrs::tests::test_blstrs_bls12_381_g1_neg_identity ... ok
test vm::crypto_blstrs::tests::test_blstrs_bn254_unsupported ... ok
test vm::crypto_blstrs::tests::test_blstrs_ecdsa_invalid_input ... ok
test vm::crypto_blstrs::tests::test_blstrs_keccak256 ... ok
test vm::crypto_blstrs::tests::test_blstrs_ed25519_invalid_input ... ok
test vm::crypto_blstrs::tests::test_blstrs_provider_name ... ok
test vm::crypto_blstrs::tests::test_blstrs_sha256 ... ok
test vm::crypto_blstrs::tests::test_blstrs_trait_object ... ok
test vm::gas_strategy::tests::test_bpf_gas_limits ... ok
test vm::gas_strategy::tests::test_bpf_instruction_gas ... ok
test vm::gas_strategy::tests::test_bpf_meter_enabled ... ok
test vm::gas_strategy::tests::test_bpf_strategy_name ... ok
test vm::gas_strategy::tests::test_bpf_syscall_gas ... ok
test vm::gas_strategy::tests::test_bpf_trait_object ... ok
test vm::gas_table::tests::test_bpf_gas_constants ... ok
test vm::gas_table::tests::test_check_bls_hash_msg_len ... ok
test vm::gas_table::tests::test_memory_gas ... ok
test vm::gas_table::tests::test_reexported_functions_accessible ... ok
test vm::gas_table::tests::test_reexported_gas_constants_accessible ... ok
test vm::gas_table::tests::test_reexported_size_limits_accessible ... ok
test vm::gas_table::tests::test_reexported_zkvm_gas_constants_accessible ... ok
test vm::loader::tests::test_execute_gas_tracking_after_success ... ok
test vm::loader::tests::test_execute_exit_instruction_success ... ok
test vm::loader::tests::test_execute_out_of_gas ... ok
test vm::loader::tests::test_execute_input_too_long ... ok
test vm::loader::tests::test_execute_with_input_data ... ok
test vm::loader::tests::test_load_empty_bytecode_fails ... ok
test vm::loader::tests::test_load_from_text_exit_instruction ... ok
test vm::loader::tests::test_load_from_text_invalid_bytecode_fails ... ok
test vm::loader::tests::test_load_garbage_bytecode_fails ... ok
test vm::loader::tests::test_load_truncated_bytecode_fails ... ok
test vm::loader::tests::test_poker_l1_config_stack_limit ... ok
test vm::loader::tests::test_rbpf_loader_config_default ... ok
test vm::precompile::tests::test_activate_upgrade_after_timelock ... ok
test vm::precompile::tests::test_activate_upgrade_before_timelock_rejected ... ok
test vm::contracts::texas_poker_precompile::tests::test_texas_poker_precompile_non_create_first_call_rejected ... ok
test vm::precompile::tests::test_precompile_is_gas_free_default_false ... ok
test vm::precompile::tests::test_propose_upgrade ... ok
test vm::precompile::tests::test_propose_upgrade_same_version_rejected ... ok
test vm::precompile::tests::test_register_and_lookup ... ok
test vm::precompile::tests::test_registry_is_gas_free_query ... ok
test vm::precompile::tests::test_reserved_game_contract_id ... ok
test vm::precompile::tests::test_set_status ... ok
test vm::precompile::tests::test_status_default_is_stub ... ok
test vm::precompile::tests::test_unregister ... ok
test vm::syscalls::tests::test_bls_final_exp_syscall_identity ... ok
test vm::syscalls::tests::test_bls_g1_add_syscall_basic ... ok
test vm::syscalls::tests::test_bls_g1_add_syscall_heap_violation ... ok
test vm::syscalls::tests::test_bls_g1_add_syscall_out_of_gas ... ok
test vm::syscalls::tests::test_bls_g1_add_syscall_subgroup_check_failure ... ok
test vm::syscalls::tests::test_bls_g1_mul_syscall_basic ... ok
test vm::syscalls::tests::test_bls_g1_neg_syscall_basic ... ok
test vm::syscalls::tests::test_bls_g2_add_syscall_basic ... ok
test vm::syscalls::tests::test_bls_g2_mul_syscall_basic ... ok
test vm::syscalls::tests::test_bls_g2_neg_syscall_basic ... ok
test vm::syscalls::tests::test_bls_hash_to_g1_syscall_basic ... ok
test vm::syscalls::tests::test_bls_hash_to_g1_syscall_msg_too_long ... ok
test vm::precompile::tests::test_execute_unregistered_precompile ... ok
test vm::syscalls::tests::test_bls_hash_to_g2_syscall_basic ... ok
test vm::syscalls::tests::test_bls_miller_loop_syscall_basic ... ok
test vm::precompile::tests::test_execute_precompile ... ok
test vm::syscalls::tests::test_charge_gas_insufficient ... ok
test vm::syscalls::tests::test_charge_gas_sufficient ... ok
test vm::syscalls::tests::test_emit_event_basic ... ok
test vm::syscalls::tests::test_emit_event_too_large ... ok
test vm::syscalls::tests::test_get_block_height ... ok
test vm::syscalls::tests::test_get_timestamp ... ok
test vm::syscalls::tests::test_log_basic ... ok
test vm::syscalls::tests::test_object_create_basic ... ok
test vm::syscalls::tests::test_object_create_multiple_unique_ids ... ok
test vm::syscalls::tests::test_object_read_basic ... ok
test vm::syscalls::tests::test_object_read_capacity_too_small ... ok
test vm::syscalls::tests::test_object_read_dos_protection_large_object ... ok
test vm::syscalls::tests::test_object_read_heap_violation ... ok
test vm::syscalls::tests::test_object_read_not_found ... ok
test vm::syscalls::tests::test_bls_pairing_check_syscall_equal ... ok
test vm::syscalls::tests::test_object_read_out_of_gas ... ok
test vm::syscalls::tests::test_object_read_refund_correctness ... ok
test vm::syscalls::tests::test_object_write_basic ... ok
test vm::syscalls::tests::test_object_write_too_large ... ok
test vm::syscalls::tests::test_panic_traps_vm ... ok
test vm::syscalls::tests::test_validate_heap_ptr_invalid ... ok
test vm::syscalls::tests::test_validate_heap_ptr_valid ... ok
test vm::syscalls::tests::test_register_poker_l1_syscalls ... ok
test vm::syscalls::tests::test_verify_failure_proof_too_short ... ok
test vm::syscalls::tests::test_bls_pairing_check_syscall_unequal ... ok
test vm::syscalls::tests::test_verify_signature_empty_pubkey ... ok
test vm::syscalls::tests::test_zk_verify_empty_proof_returns_err ... ok
test vm::syscalls::tests::test_zk_verify_gas_dispatch_by_scheme ... ok
test vm::syscalls::tests::test_zk_verify_gas_insufficient_returns_err ... ok
test vm::syscalls::tests::test_zk_verify_heap_violation_returns_err ... ok
test vm::syscalls::tests::test_zk_verify_invalid_public_io_returns_err ... ok
test vm::syscalls::tests::test_zk_verify_no_registry_returns_err ... ok
test vm::syscalls::tests::test_zk_verify_stub_status_fails_closed ... ok
test vm::syscalls::tests::test_zk_verify_unregistered_scheme_returns_err ... ok
test vm::upgrade::tests::test_cancel_upgrade_by_holder_clears_pending ... ok
test vm::upgrade::tests::test_cancel_upgrade_rejects_non_holder ... ok
test vm::upgrade::tests::test_commit_upgrade_activates_new_version_old_uncallable ... ok
test vm::upgrade::tests::test_commit_upgrade_rejects_before_timelock_expiry ... ok
test vm::upgrade::tests::test_deploy_creates_upgrade_cap_consumed_by_upgrade_module ... ok
test vm::upgrade::tests::test_dispute_emergency_upgrade_during_audit_period ... ok
test vm::upgrade::tests::test_dispute_emergency_upgrade_rejects_after_audit_expired ... ok
test vm::upgrade::tests::test_dispute_upgrade_by_anyone_freezes ... ok
test vm::upgrade::tests::test_dispute_upgrade_rejects_when_no_pending ... ok
test vm::upgrade::tests::test_emergency_upgrade_bypasses_timelock ... ok
test vm::upgrade::tests::test_emergency_upgrade_rejects_low_quorum ... ok
test vm::upgrade::tests::test_emergency_upgrade_rejects_missing_proof ... ok
test vm::upgrade::tests::test_emergency_upgrade_rejects_non_holder ... ok
test vm::upgrade::tests::test_frozen_state_blocks_all_upgrades ... ok
test vm::upgrade::tests::test_governance_freeze_via_max_delay ... ok
test vm::upgrade::tests::test_initiate_upgrade_registers_pending_state ... ok
test vm::upgrade::tests::test_initiate_upgrade_rejects_double_initiate ... ok
test vm::upgrade::tests::test_initiate_upgrade_rejects_non_holder ... ok
test vm::upgrade::tests::test_initiate_upgrade_rejects_oversized_bytecode ... ok
test vm::upgrade::tests::test_process_pending_upgrades_auto_activates_expired ... ok
test vm::upgrade::tests::test_process_pending_upgrades_handles_multiple_contracts ... ok
test vm::upgrade::tests::test_upgrade_config_default_values ... ok
test vm::contracts::texas_poker::reconstruction_v3::borsh_impl_stark::tests::reconstruction_v3_statement_and_proof_borsh_roundtrip ... ok
test vm::syscalls::tests::test_verify_failure_proof_invalid ... ok
test vm::syscalls::tests::test_verify_failure_proof_valid_non_inclusion ... ok
test wallet::tests::builder_rejects_non_funding_methods_and_existing_inputs ... ok
test wallet::tests::transfer_builder_hides_utxo_selection_and_reports_change ... ok
test wallet::tests::builder_selects_inputs_and_normalizes_gas_free_gameturn_routing ... ok
test vm::contracts::texas_poker::state_machine::tests::run_it_twice_plaintexts_route_through_turn_river_and_settlement ... ok
test vm::contracts::texas_poker::utils::tests::test_generate_plaintext_cards_deterministic ... ok
test vm::contracts::texas_poker::dispatch::tests::fold_with_proof_basic_flow ... ok
test vm::contracts::texas_poker_precompile::tests::rake_settlement_pays_treasury_once_and_preserves_native_supply ... ok
test vm::contracts::texas_poker::dispatch::tests::e2e_full_hand_lifecycle_create_join_start_reset ... ok
test vm::contracts::texas_poker::state_machine::tests::test_reconstruction_v3_two_players_rebuilds_canonical_deck ... ok
test node::tests::priority_mempool_overflow_evicts_lowest_price ... ok
test sync::tests::test_build_snapshot_large ... ok

test result: ok. 1940 passed; 0 failed; 0 ignored; 0 measured; 0 filtered out; finished in 32.71s

     Running tests/bridge_executor_integration.rs (target/debug/deps/bridge_executor_integration-81d7cbead453b193)

running 5 tests
test bridge_call_without_store_fails_closed ... ok
test executor_mints_wrapped_asset_and_persists_nonce ... ok
test same_deposit_replay_with_fresh_account_nonce_rejected ... ok
test concurrent_same_nonce_double_spend_in_one_block ... ok
test later_stage_failure_leaves_bridge_nonce_unconsumed ... ok

test result: ok. 5 passed; 0 failed; 0 ignored; 0 measured; 0 filtered out; finished in 0.05s

     Running tests/bridge_helpers.rs (target/debug/deps/bridge_helpers-2eecdc72943369cf)

running 0 tests

test result: ok. 0 passed; 0 failed; 0 ignored; 0 measured; 0 filtered out; finished in 0.00s

     Running tests/crypto_skip_production_gate.rs (target/debug/deps/crypto_skip_production_gate-c75a3ae364ab421f)

running 1 test
test crypto_skip_is_compile_time_disabled_outside_crate_unit_tests ... ok

test result: ok. 1 passed; 0 failed; 0 ignored; 0 measured; 0 filtered out; finished in 0.00s

     Running tests/force_include.rs (target/debug/deps/force_include-a4ec87fcd5da0f70)

running 1 test
test force_include_end_to_end_receipt_deadline_and_censorship_proof ... ok

test result: ok. 1 passed; 0 failed; 0 ignored; 0 measured; 0 filtered out; finished in 0.04s

     Running tests/formal_properties.rs (target/debug/deps/formal_properties-d47aa573e590ef6b)

running 12 tests
test prop_tagged_pubkey_encode_decode_roundtrip ... ok
test prop_address_different_schemes_differ ... ok
test prop_address_derivation_deterministic ... ok
test prop_transaction_bcs_roundtrip ... ok
test prop_ack_chain_hash_deterministic ... ok
test prop_blake2b_domain_separation ... ok
test prop_sig_ed25519_sign_verify_roundtrip ... ok
test prop_sig_secp_sign_verify_roundtrip ... ok
test prop_smt_delete_restores_empty_root ... ok
test prop_smt_tampered_value_fails ... ok
test prop_smt_insert_prove_verify_roundtrip ... ok
test prop_smt_insertion_order_independence ... ok

test result: ok. 12 passed; 0 failed; 0 ignored; 0 measured; 0 filtered out; finished in 23.71s

     Running tests/live_game_e2e.rs (target/debug/deps/live_game_e2e-8aad509d56f6c623)

running 1 test
test live_node_poker_hand_e2e ... ok

test result: ok. 1 passed; 0 failed; 0 ignored; 0 measured; 0 filtered out; finished in 30.68s

     Running tests/phase1_integration.rs (target/debug/deps/phase1_integration-d6345106acee11d9)

running 26 tests
test subtask_38_1_dag_vertex_bcs_roundtrip ... ok
test subtask_38_1_transaction_empty_vectors_accepted ... ok
test subtask_38_1_transaction_bcs_json_roundtrip ... ok
test subtask_38_1_dag_commit_cert_bcs_json_roundtrip ... ok
test subtask_38_2_curve_mismatch_rejected ... ok
test subtask_38_1_transaction_input_too_long_rejects ... ok
test subtask_38_3_objectid_global_uniqueness ... ok
test subtask_38_1_block_bcs_json_roundtrip ... ok
test subtask_38_5_account_nonce_monotonic_and_replay_rejected ... ok
test subtask_38_5_account_store_full_lifecycle ... ok
test subtask_38_2_ed25519_sign_verify_roundtrip ... ok
test subtask_38_5_gameturn_tx_does_not_block_account_nonce ... ok
test subtask_38_5_insufficient_balance_rejected ... ok
test subtask_38_5_normal_gameturn_with_fallback_flag_rejected ... ok
test subtask_38_5_wrong_chain_id_rejected ... ok
test subtask_38_2_secp256k1_sign_verify_roundtrip ... ok
test subtask_38_3_object_store_create_collision_rejected ... ok
test subtask_38_3_immutable_object_not_transferable ... ok
test subtask_38_3_unauthorized_write_rejected ... ok
test subtask_38_3_ownership_transfer_legal_path ... ok
test subtask_38_1_compute_tx_merkle_root_consistent_with_store ... ok
test subtask_38_4_block_store_range_scan_correctness ... ok
test subtask_38_4_dag_vertex_store_three_way_index ... ok
test subtask_38_4_block_store_crash_recovery ... ok
test subtask_38_5_end_to_end_block_with_tx_persisted ... ok
test subtask_38_4_object_db_persist_across_reopen ... ok

test result: ok. 26 passed; 0 failed; 0 ignored; 0 measured; 0 filtered out; finished in 0.02s

     Running tests/phase2_integration.rs (target/debug/deps/phase2_integration-7c0878c898c100a9)

running 16 tests
test subtask_39_1_tx_dual_channel_routing ... ok
test subtask_39_3_commit_cert_equivocation_detection ... ok
test subtask_39_5_time_consensus_e2e ... ok
test subtask_39_3_commit_certificate_quorum_validation ... ok
test subtask_39_7_validator_failover_e2e ... ok
test subtask_39_7_failover_allows_other_validators ... ok
test subtask_39_6_game_assignment_e2e ... ok
test subtask_39_8_downtime_slashing_e2e ... ok
test subtask_39_2_dag_vertex_production ... ok
test e2e_multi_validator_staking_slashing_commit ... ok
test subtask_39_8_multi_slashing_priority_e2e ... ok
test subtask_39_9_phase2_test_coverage_summary ... ok
test subtask_39_8_vertex_equivocation_slashing_e2e ... ok
test subtask_39_4_game_turn_gas_free_enforced ... ok
test subtask_39_3_bullshark_full_pipeline ... ok
test subtask_39_4_block_validator_e2e ... ok

test result: ok. 16 passed; 0 failed; 0 ignored; 0 measured; 0 filtered out; finished in 0.01s

     Running tests/phase3_integration.rs (target/debug/deps/phase3_integration-afac2927064d8aef)

running 22 tests
test subtask_40_1_vm_gas_table_consistency ... ok
test subtask_40_3_game_turn_gas_free ... ok
test subtask_40_3_gas_table_worst_case_syscalls ... ok
test subtask_40_3_public_channel_gas_charged ... ok
test subtask_40_4_game_lifecycle_create_modify_settle ... ok
test subtask_40_2_all_syscalls_uniquely_registered ... ok
test subtask_40_1_vm_context_with_syscalls_registered ... ok
test subtask_40_4_settle_rake_calculation_various_pots ... ok
test subtask_40_4_game_lifecycle_offchain_mode ... ok
test subtask_40_5_contract_upgrade_full_lifecycle ... ok
test subtask_40_5_emergency_upgrade_and_dispute ... ok
test subtask_40_5_upgrade_cancel_and_dispute ... ok
test subtask_40_5_upgrade_dispute_freezes ... ok
test subtask_40_5_upgrade_unauthorized_caller ... ok
test subtask_40_6_full_hand_lifecycle_with_force_advance ... ok
test subtask_40_6_hand_started_onchain_then_force_advance_fold ... ok
test subtask_40_6_hand_started_postflop_force_advance_check ... ok
test subtask_40_7_contract_upgrade_safety_paths_covered ... ok
test subtask_40_7_force_advance_safety_paths_covered ... ok
test subtask_40_7_gas_safety_paths_covered ... ok
test subtask_40_7_settle_safety_paths_covered ... ok
test subtask_40_7_test_coverage_summary ... ok

test result: ok. 22 passed; 0 failed; 0 ignored; 0 measured; 0 filtered out; finished in 0.00s

     Running tests/phase4_integration.rs (target/debug/deps/phase4_integration-d6c7f900e4d6d81f)

running 12 tests
test subtask_41_6_secp256k1_aggregate_verify_negative_tampered ... ok
test subtask_41_6_bls_verify_positive ... ok
test subtask_41_6_bls_verify_negative_wrong_msg ... ok
test subtask_41_6_bls_verify_negative_tampered_signature ... ok
test subtask_41_1_to_41_5_41_7_41_9_coverage_summary ... ok
test subtask_41_6_secp256k1_aggregate_verify_positive ... ok
test subtask_41_8_fuzz_bls_verify_random_inputs ... ok
test subtask_41_8_fuzz_bls_hash_to_curve ... ok
test subtask_41_8_fuzz_bls_miller_loop_final_exp ... ok
test subtask_41_8_fuzz_bls_g2_operations ... ok
test subtask_41_8_fuzz_bls_g1_operations ... ok
test subtask_41_8_fuzz_bls_pairing_check ... ok

test result: ok. 12 passed; 0 failed; 0 ignored; 0 measured; 0 filtered out; finished in 2.52s

     Running tests/phase5b_integration.rs (target/debug/deps/phase5b_integration-2a1d8b74cbdb2ba6)

running 25 tests
test subtask_42_6_checkpoint_anchor_with_ack_updates_last_action_height ... ok
test subtask_42_6_checkpoint_anchor_no_progress_detection ... ok
test subtask_42_6_checkpoint_skip_then_checkin_continuity ... ok
test subtask_42_6_force_checkpoint_updates_investigation_count ... ok
test subtask_42_6_three_stage_recovery_flow ... ok
test subtask_42_7a_assigned_validator_rejection_triggers_force_checkpoint ... ok
test subtask_42_7_constants_alignment ... ok
test subtask_42_7a_designated_operator_boundary_doubled ... ok
test subtask_42_7a_designated_operator_check_exemption_flow ... ok
test subtask_42_7a_g_h4_forfeit_boundary_malicious_withholding ... ok
test subtask_42_7a_h4_not_feasible_no_checkpoint_requires_revert ... ok
test subtask_42_7a_h_h4_forfeit_boundary_machine_failure ... ok
test subtask_42_7a_stage1_operator_not_recovered_force_advance ... ok
test subtask_42_7a_stage1_operator_recovers_no_forfeit ... ok
test subtask_42_7a_stage2_force_checkin_allowed ... ok
test subtask_42_7a_stage3_requires_forfeit_and_revert ... ok
test subtask_42_7b_delegated_escape_authorization_flow ... ok
test subtask_42_6_full_censorship_resistance_flow ... ok
test subtask_42_7f_checkpoint_skip_accumulates_skip_count ... ok
test subtask_42_7e_refuse_ack_with_invalid_evidence_triggers_forfeit ... ok
test subtask_42_7d_request_ack_then_opt_out_ack_proof ... ok
test subtask_42_7g_skip_count_exceeds_max_forces_request_revert ... ok
test subtask_42_7h_forged_failure_proof_with_insufficient_witnesses_rejected ... ok
test subtask_42_7i_false_witness_evidence_triggers_slashing ... ok
test subtask_42_7c_censorship_witness_evidence_multi_replica_detection ... ok

test result: ok. 25 passed; 0 failed; 0 ignored; 0 measured; 0 filtered out; finished in 0.00s

     Running tests/phase5c_integration.rs (target/debug/deps/phase5c_integration-178eec625dbaa4e6)

running 73 tests
test subtask_42_10_node_roles::test_archive_node_sufficient_check ... ok
test subtask_42_10_node_roles::test_archive_node_never_prunes ... ok
test subtask_42_10_node_roles::test_full_node_prunes ... ok
test subtask_42_10_node_roles::test_historical_data_request_types ... ok
test subtask_42_10_node_roles::test_request_historical_data_archive_available ... ok
test subtask_42_10_node_roles::test_request_historical_data_non_archive_rejected ... ok
test subtask_42_10_node_roles::test_request_historical_data_unavailable ... ok
test subtask_42_10_node_roles::test_light_node_only_headers ... ok
test subtask_42_8_force_sync::test_apply_forfeit_deducts_deposit ... ok
test subtask_42_8_force_sync::test_apply_forfeit_refund ... ok
test subtask_42_8_force_sync::test_challenge_delta_failed ... ok
test subtask_42_11_fuzz::test_fuzz_designated_operator_bond_validation ... ok
test subtask_42_8_force_sync::test_challenge_delta_outcome_computation ... ok
test subtask_42_8_force_sync::test_challenge_delta_succeeded ... ok
test subtask_42_8_force_sync::test_challenge_deposit_computation ... ok
test subtask_42_8_force_sync::test_challenge_ratio_validation ... ok
test subtask_42_8_force_sync::test_challenge_reward_computation ... ok
test subtask_42_8_force_sync::test_compute_forfeit_deposit_default_ratio ... ok
test subtask_42_8_force_sync::test_compute_forfeit_deposit_ratio_bounds ... ok
test subtask_42_8_force_sync::test_designated_operator_bond_median ... ok
test subtask_42_8_force_sync::test_determine_force_checkin_scenario_machine_failure ... ok
test subtask_42_8_force_sync::test_determine_force_checkin_scenario_malicious ... ok
test subtask_42_8_force_sync::test_force_advance_big_blind_check_preflop ... ok
test subtask_42_8_force_sync::test_force_advance_boundary_equal ... ok
test subtask_42_8_force_sync::test_force_advance_default_fold_preflop ... ok
test subtask_42_8_force_sync::test_force_advance_not_timed_out ... ok
test subtask_42_8_force_sync::test_force_advance_player_already_folded ... ok
test subtask_42_8_force_sync::test_force_advance_player_not_in_game ... ok
test subtask_42_11_fuzz::test_fuzz_pruning_eligibility ... ok
test subtask_42_8_force_sync::test_force_advance_postflop_no_betting_check ... ok
test subtask_42_8_force_sync::test_force_advance_postflop_with_bet_fold ... ok
test subtask_42_8_force_sync::test_force_checkin_designated_operator_above_doubled_boundary ... ok
test subtask_42_8_force_sync::test_force_checkin_designated_operator_doubled_boundary ... ok
test subtask_42_8_force_sync::test_force_checkin_not_feasible_requires_revert ... ok
test subtask_42_8_force_sync::test_force_checkin_malicious_withholding_forfeit ... ok
test subtask_42_8_force_sync::test_force_checkin_machine_failure_no_forfeit ... ok
test subtask_42_8_force_sync::test_force_checkin_updates_last_action_height ... ok
test subtask_42_8_force_sync::test_force_revert_malicious_withholding_forfeit ... ok
test subtask_42_8_force_sync::test_force_revert_reason_overrides_stage ... ok
test subtask_42_8_force_sync::test_force_settle_allowed_in_stage3 ... ok
test subtask_42_8_force_sync::test_force_settle_rejected_in_stage2 ... ok
test subtask_42_8_force_sync::test_forfeit_decision_boundary_equal ... ok
test subtask_42_8_force_sync::test_forfeit_distribution_proportional ... ok
test subtask_42_8_force_sync::test_is_force_settle_allowed_stage_check ... ok
test subtask_42_8_force_sync::test_is_request_da_appropriate ... ok
test subtask_42_8_force_sync::test_request_da_stage2 ... ok
test subtask_42_8_force_sync::test_request_da_stage3_triggers_force_revert ... ok
test subtask_42_8_force_sync::test_request_revert_data_unavailable_forfeit ... ok
test subtask_42_8_force_sync::test_request_revert_malicious_withholding_forfeit ... ok
test subtask_42_8_force_sync::test_request_revert_technical_interrupt_no_forfeit ... ok
test subtask_42_8_force_sync::test_request_revert_wrong_submitter ... ok
test subtask_42_8_force_sync::test_revert_reason_triggers_forfeit ... ok
test subtask_42_8_force_sync::test_validate_designated_operator_bond_insufficient ... ok
test subtask_42_8_force_sync::test_validate_designated_operator_bond_mismatch ... ok
test subtask_42_8_force_sync::test_validate_designated_operator_bond_ok ... ok
test subtask_42_9_pruning::test_check_pruning_allowed_rejects_insufficient_archive ... ok
test subtask_42_9_pruning::test_game_pruning_after_settle_and_dispute_expiry ... ok
test subtask_42_9_pruning::test_mark_blob_expired_preserves_proof_hash ... ok
test subtask_42_9_pruning::test_permanent_retention_all_items ... ok
test subtask_42_9_pruning::test_pruning_config_defaults ... ok
test subtask_42_9_pruning::test_tx_pruning_after_window ... ok
test subtask_42_9_pruning::test_tx_pruning_blocked_by_active_dispute ... ok
test subtask_42_9_pruning::test_tx_pruning_blocked_by_unsettled_game ... ok
test subtask_42_9_pruning::test_prune_tx_compresses_to_commitment ... ok
test subtask_42_9_pruning::test_vertex_pruning_after_window ... ok
test subtask_42_9_pruning::test_zk_proof_pruning_requires_archive_nodes ... ok
test subtask_42_9_pruning::test_zk_proof_archive_to_walrus ... ok
test subtask_42_9_pruning::test_prune_vertex_drops_details ... ok
test subtask_42_11_fuzz::test_fuzz_force_checkin_forfeit_boundary ... ok
test subtask_42_11_fuzz::test_fuzz_force_advance_timeout_boundary ... ok
test subtask_42_11_fuzz::test_fuzz_forfeit_distribution_invariants ... ok
test subtask_42_11_fuzz::test_fuzz_challenge_delta_hash_comparison ... ok
test subtask_42_11_fuzz::test_fuzz_proof_hash_deterministic ... ok

test result: ok. 73 passed; 0 failed; 0 ignored; 0 measured; 0 filtered out; finished in 0.21s

     Running tests/phase6_game_flow.rs (target/debug/deps/phase6_game_flow-458c46ea4934d7b5)

running 25 tests
test build_sub_block_all_multi_player_kinds_arrival_order ... ok
test check_sech6_ok_multi_player_reveal_token_no_prev_gameturn ... ok
test build_sub_block_filters_non_gameturn_txs ... ok
test check_sech6_all_multi_player_kinds_reject_prev_gameturn ... ok
test build_sub_block_multi_player_submit_arrival_order ... ok
test check_sech6_ok_no_prev_gameturn_betting ... ok
test check_sech6_rejects_game_id_mismatch ... ok
test build_sub_block_betting_prioritizes_current_turn ... ok
test check_sech6_rejects_multi_player_shuffle_with_prev_gameturn ... ok
test check_sech6_rejects_multiple_prev_gameturns ... ok
test check_sech6_rejects_prev_gameturn_betting ... ok
test build_sub_block_preserves_arrival_same_player ... ok
test e2e_timeout_then_continue_with_remaining_players ... ok
test full_hand_flow_advance_phase_rejects_pending_non_empty ... ok
test full_hand_flow_betting_shuffle_reveal_betting ... ok
test full_hand_flow_reconstruct_and_leave_proof_phase_transitions ... ok
test leave_proof_interleaved_with_shuffle_phase ... ok
test leave_proof_submission_player_not_in_pending ... ok
test leave_proof_submission_rejects_non_active_player ... ok
test leave_proof_submission_removes_player_from_active ... ok
test timeout_detection_leave_proof_and_betting_never_timeout ... ok
test timeout_detection_reconstruct_boundary ... ok
test timeout_recovery_empty_pending_no_op ... ok
test timeout_recovery_reveal_token_partial_kick_continues ... ok
test timeout_recovery_shuffle_kick_all_finalizes ... ok

test result: ok. 25 passed; 0 failed; 0 ignored; 0 measured; 0 filtered out; finished in 0.00s

     Running tests/phase6_integration.rs (target/debug/deps/phase6_integration-dc75fda0150ce7a7)

running 31 tests
test subtask_43_10_network_fuzz::subtask_43_10_g_fuzz_inmemory_transport_gossip ... ok
test subtask_43_10_fuzz::subtask_43_10_d_fuzz_gossipsub_random_short_ids ... ok
test subtask_43_6_rpc::subtask_43_6_f_websocket_event_subscription ... ok
test subtask_43_6_rpc::subtask_43_6_a_get_block_by_hash_and_height ... ok
test subtask_43_6_rpc::subtask_43_6_c_submit_tx_and_get_tx ... ok
test subtask_43_6_rpc::subtask_43_6_d_get_account_by_address_and_pubkey ... ok
test subtask_43_6_rpc::subtask_43_6_e_get_dag_vertex ... ok
test subtask_43_6_rpc::subtask_43_6_b_get_object_success_and_not_found ... ok
test subtask_43_10_fuzz::subtask_43_10_b_fuzz_bridge_forged_signatures ... ok
test subtask_43_6_rpc::subtask_43_6_g_crypto_verify_rpcs ... ok
test subtask_43_7_node::subtask_43_7_e_cli_keygen_secp256k1 ... ok
test subtask_43_7_node::subtask_43_7_f_cli_keygen_ed25519 ... ok
test subtask_43_7_node::subtask_43_7_g_cli_keygen_dispatch ... ok
test subtask_43_6_rpc::subtask_43_6_h_method_not_found_and_invalid_params ... ok
test subtask_43_7_node::subtask_43_7_b_full_node_no_tx_buffer ... ok
test subtask_43_7_node::subtask_43_7_i_cli_compute_assigned_validator ... ok
test subtask_43_7_node::subtask_43_7_h_cli_keygen_unique_keys ... ok
test subtask_43_7_node::subtask_43_7_c_archive_node_serves_historical_data ... ok
test subtask_43_7_node::subtask_43_7_a_validator_node_buffers_tx ... ok
test subtask_43_7_node::subtask_43_7_n_validator_key_construction ... ok
test subtask_43_6_rpc::subtask_43_6_i_submit_tx_size_limit_enforced ... ok
test subtask_43_7_node::subtask_43_7_d_light_node_no_pruning ... ok
test subtask_43_7_node::subtask_43_7_k_node_rpc_backend_integration ... ok
test subtask_43_7_node::subtask_43_7_l_node_put_and_query_block ... ok
test subtask_43_7_node::subtask_43_7_j_cli_query_node_info ... ok
test subtask_43_7_node::subtask_43_7_m_node_put_and_query_vertex ... ok
test subtask_43_10_fuzz::subtask_43_10_f_fuzz_vertex_size_validation ... ok
test subtask_43_10_network_fuzz::subtask_43_10_h_fuzz_gossip_manager_receive_tx ... ok
test subtask_43_10_fuzz::subtask_43_10_e_fuzz_rpc_submit_random_tx_bytes ... ok
test subtask_43_10_fuzz::subtask_43_10_a_fuzz_rpc_invalid_params_10000_inputs ... ok
test subtask_43_10_fuzz::subtask_43_10_c_fuzz_gossipsub_oversized_tx_rejected ... ok

test result: ok. 31 passed; 0 failed; 0 ignored; 0 measured; 0 filtered out; finished in 16.28s

     Running tests/phase7_helpers.rs (target/debug/deps/phase7_helpers-967b47e50a1b40d0)

running 0 tests

test result: ok. 0 passed; 0 failed; 0 ignored; 0 measured; 0 filtered out; finished in 0.00s

     Running tests/phase7_integration.rs (target/debug/deps/phase7_integration-23556d016fddb2a4)

running 49 tests
test subtask_35_13_16::e2e_contract_upgrade_upgradecap ... ok
test subtask_35_13_16::e2e_offchain_communication_protocol ... ok
test subtask_35_15a_h::e2e_gameturn_fallback ... ok
test subtask_35_15a_h::e2e_epoch_offchain_transition ... ok
test subtask_35_15a_h::e2e_force_checkpoint_escape ... ok
test subtask_35_13_16::e2e_challenge_delta_semantics ... ok
test subtask_35_15a_h::e2e_refuse_ack_dispute ... ok
test subtask_35_13_16::e2e_bls_subgroup_check ... ok
test subtask_35_15a_h::e2e_checkpoint_skip_tolerance ... ok
test subtask_35_15a_h::e2e_stage1_recovery_no_forfeit ... ok
test subtask_35_15a_h::e2e_request_ack_rate_limit ... ok
test subtask_35_15a_h::e2e_delegated_escape ... ok
test subtask_35_15a_h::e2e_stage2_refold ... ok
test subtask_35_15a_h::e2e_stage3_forfeit ... ok
test subtask_35_17_21::e2e_asset_lock_and_mint ... ok
test subtask_35_17_21::e2e_network_layer_constraints ... ok
test subtask_35_17_21::e2e_node_role_layering ... ok
test subtask_35_17_21::e2e_non_game_tx_billing ... ok
test subtask_35_17_21::e2e_governance_param_update_and_validator_set ... ok
test subtask_35_17_21::e2e_state_pruning_after_settlement ... ok
test subtask_35_17_21::e2e_tx_compression_after_finality ... ok
test subtask_35_17_21::e2e_vertex_compression ... ok
test subtask_35_1_5::e2e_deploy_contract_create_table_join_buyin ... ok
test subtask_35_1_5::e2e_full_onchain_hand_shuffle_bet_reveal_settle ... ok
test subtask_35_1_5::e2e_gameturn_gas_free_and_rake_deduction ... ok
test subtask_35_1_5::e2e_offchain_checkout_checkpoint_offline_checkin ... ok
test subtask_35_22_27::e2e_governance_timelock_and_bounds ... ok
test subtask_35_22_27::e2e_object_id_uniqueness ... ok
test subtask_35_22_27::e2e_offchain_mainnet_gate ... ok
test subtask_35_22_27::e2e_local_routing_discovery ... ok
test subtask_35_6_12::e2e_active_games_limit ... ok
test subtask_35_22_27::e2e_slashing_vertex_equivocation_and_downtime ... ok
test subtask_35_6_12::e2e_game_assignment_and_epoch_reassignment ... ok
test subtask_35_6_12::e2e_vertex_tx_ordering ... ok
test subtask_r5_r7_e2e::r5_h6_continuity_proof_terminal_state ... ok
test subtask_35_6_12::e2e_validator_failure_takeover ... ok
test subtask_r5_r7_e2e::r5_m2_small_validator_set_replica_count ... ok
test subtask_r5_r7_e2e::r5_h7_unbonding_period_slashing ... ok
test subtask_r5_r7_e2e::r5_m4_check_exemptions_reset ... ok
test subtask_r5_r7_e2e::r7_h2_unbonding_period_boundary ... ok
test subtask_r5_r7_e2e::r7_m6_stage3_operator_technical_interrupt_rejected ... ok
test subtask_35_6_12::e2e_narwhal_bullshark_dag_consensus ... ok
test subtask_r5_r7_e2e::r4_h5_investigation_count_decay ... ok
test subtask_r5_r7_e2e::r5_h5_validator_set_hash_chain ... ok
test subtask_35_22_27::e2e_secp256k1_low_s_enforcement ... ok
test subtask_35_1_5::e2e_secp256k1_and_ed25519_wallets_sign_tx ... ok
test subtask_35_6_12::e2e_tx_replay_protection ... ok
test subtask_35_6_12::e2e_time_consensus_height_timestamp ... ok
test subtask_r5_r7_e2e::r5_h4_smt_non_inclusion_proof ... ok

test result: ok. 49 passed; 0 failed; 0 ignored; 0 measured; 0 filtered out; finished in 0.01s

     Running tests/soundness_tests.rs (target/debug/deps/soundness_tests-8328db58923b2cad)

running 26 tests
test test_p0_bls_identity_pubkey_rejected ... ok
test test_p0_bls_identity_signature_rejected ... ok
test test_p0_bridge_duplicate_validator_sig_rejected ... ok
test test_soundness_block_height_not_increasing_fails ... ok
test test_soundness_block_timestamp_backwards_fails ... ok
test test_soundness_bridge_wrong_dest_chain_fails ... ok
test test_p0_ack_chain_partial_hash_mismatch_rejected ... ok
test test_soundness_sig_cross_scheme_routing_fails ... ok
test test_p0_light_client_duplicate_signer_rejected ... ok
test test_soundness_bridge_not_protocol_caller_fails ... ok
test test_soundness_block_timestamp_interval_exceeded_fails ... ok
test test_soundness_bridge_replay_nonce_fails ... ok
test test_soundness_tx_inputs_at_limit_passes ... ok
test test_soundness_tx_sig_above_limit_fails ... ok
test test_p0_tx_cache_bounded_eviction ... ok
test test_soundness_tx_outputs_above_limit_fails ... ok
test test_soundness_tx_outputs_at_limit_passes ... ok
test test_soundness_sig_ed25519_non_canonical_s_fails ... ok
test test_soundness_sig_ed25519_wrong_pubkey_length_fails ... ok
test test_soundness_tx_too_large_fails ... ok
test test_soundness_vertex_too_large_fails ... ok
test test_soundness_sig_tampered_secp_bytes_fails ... ok
test test_soundness_smt_empty_nonempty_mismatch_fails ... ok
test test_soundness_smt_truncated_path_fails ... ok
test test_soundness_smt_tampered_sibling_fails ... ok
test test_soundness_smt_wrong_key_fails ... ok

test result: ok. 26 passed; 0 failed; 0 ignored; 0 measured; 0 filtered out; finished in 0.01s

     Running tests/texas_poker_unit.rs (target/debug/deps/texas_poker_unit-75cf5f0766ec48f7)

running 243 tests
test test_apply_addon_not_occupied ... ok
test test_apply_addon_seat_out_of_range ... ok
test test_apply_addon_amount_zero ... ok
test test_apply_addon_success ... ok
test test_apply_bet_not_betting_round ... ok
test test_apply_bet_should_use_call_raise ... ok
test test_apply_bet_amount_zero ... ok
test test_apply_call_not_betting_round ... ok
test test_apply_bet_postflop_success ... ok
test test_apply_call_success ... ok
test test_apply_call_all_in ... ok
test test_apply_bet_not_allowed_in_preflop ... ok
test test_apply_bet_not_players_turn ... ok
test test_apply_check_bet_below_current ... ok
test test_apply_check_not_betting_round ... ok
test test_apply_check_success ... ok
test test_apply_fold_internal_already_folded ... ok
test test_apply_fold_internal_not_betting_round ... ok
test test_apply_fold_not_betting_round ... ok
test test_apply_fold_internal_betting_round ... ok
test test_apply_fold_not_players_turn ... ok
test test_apply_raise_all_in ... ok
test test_apply_raise_below_minimum ... ok
test test_apply_fold_success ... ok
test test_apply_raise_minimum_raise ... ok
test test_apply_raise_not_betting_round ... ok
test test_apply_raise_not_players_turn ... ok
test test_apply_raise_raises_minimum_after_all_in ... ok
test test_apply_rebuy_not_occupied ... ok
test test_apply_raise_resets_other_players ... ok
test test_apply_rebuy_seat_out_of_range ... ok
test test_apply_raise_success ... ok
test test_apply_rebuy_success ... ok
test test_betting_error_display ... ok
test test_betting_round_available_actions ... ok
test test_betting_round_available_actions_all_in_player ... ok
test test_apply_rebuy_amount_zero ... ok
test test_betting_round_available_actions_already_all_in_equal_bet ... ok
test test_betting_round_borsh_roundtrip ... ok
test test_betting_round_can_call ... ok
test test_betting_round_can_call_zero_chips_needed_zero_stack ... ok
test test_betting_round_can_check ... ok
test test_betting_round_can_raise ... ok
test test_betting_round_can_raise_exact_minimum ... ok
test test_betting_round_chips_to_call ... ok
test test_betting_round_chips_to_call_seat_bet_exceeds_current ... ok
test test_betting_round_min_raise_after_multiple_raises ... ok
test test_betting_round_new_postflop ... ok
test test_betting_round_complete_two_players ... ok
test test_betting_round_new_preflop ... ok
test test_betting_round_process_call ... ok
test test_betting_round_process_call_zero_stack ... ok
test test_betting_round_process_raise_all_in ... ok
test test_betting_round_process_raise_below_current_bet_rejected ... ok
test test_betting_round_process_raise_below_min_rejected ... ok
test test_betting_round_process_raise_equal_to_current_rejected ... ok
test test_betting_round_process_raise_equal_to_seat_bet_rejected ... ok
test test_betting_round_process_raise_insufficient_stack ... ok
test test_betting_round_process_raise_normal ... ok
test test_betting_round_process_raise_short_all_in ... ok
test test_betting_round_short_all_in_does_not_increase_min_raise ... ok
test test_calculate_side_pots_all_folded ... ok
test test_calculate_side_pots_all_in_folded_only ... ok
test test_calculate_side_pots_all_same_all_in_level ... ok
test test_calculate_side_pots_bet_overflow ... ok
test test_calculate_side_pots_empty_eligible_merge ... ok
test test_calculate_side_pots_folded_player_ineligible ... ok
test test_calculate_side_pots_four_players_multiple_all_in ... ok
test test_calculate_side_pots_length_mismatch ... ok
test test_calculate_side_pots_max_players_limit ... ok
test test_calculate_side_pots_no_all_in ... ok
test test_calculate_side_pots_side_pot_result_clone ... ok
test test_calculate_side_pots_single_all_in ... ok
test test_calculate_side_pots_single_player ... ok
test test_calculate_side_pots_three_players_two_all_in ... ok
test test_calculate_side_pots_zero_bet_all_in ... ok
test test_card_all_rank_names ... ok
test test_card_all_suit_names ... ok
test test_card_borsh_roundtrip ... ok
test test_card_display_format ... ok
test test_card_display_invalid_card ... ok
test test_card_display_trait ... ok
test test_card_from_index_boundary_max ... ok
test test_card_from_index_boundary_zero ... ok
test test_card_from_index_standard_range ... ok
test test_card_is_valid ... ok
test test_card_new_const ... ok
test test_card_rank_name_invalid_rank ... ok
test test_card_suit_name_invalid_suit ... ok
test test_collect_ante_all_in_on_zero_stack ... ok
test test_collect_ante_none_mode ... ok
test test_collect_ante_bba_mode ... ok
test test_collect_rake_percentage_at_cap ... ok
test test_collect_ante_normal_mode ... ok
test test_collect_rake_percentage_below_cap ... ok
test test_collect_rake_zero_pot ... ok
test test_collect_rake_none_mode ... ok
test test_constants_action_flags_unique ... ok
test test_constants_action_masks_unique ... ok
test test_constants_max_total_bet_positive ... ok
test test_constants_min_players_constraint ... ok
test test_constants_player_limits ... ok
test test_constants_round_order ... ok
test test_constants_round_state_order ... ok
test test_consume_time_bank_insufficient ... ok
test test_consume_time_bank_not_occupied ... ok
test test_consume_time_bank_normal ... ok
test test_consume_time_bank_seat_out_of_range ... ok
test test_count_active_players_empty_table ... ok
test test_count_active_occupied_includes_folded ... ok
test test_count_active_players_with_waiting ... ok
test test_count_active_players_with_folded_and_all_in ... ok
test test_dispatch_create_table_rejects_max_players_too_small ... ok
test test_dispatch_create_table_max_players_over_limit ... ok
test test_dispatch_create_table_rejects_small_blind_greater_than_big_blind ... ok
test test_dispatch_advance_deadline_uses_consensus_timestamp_without_payload ... ok
test test_dispatch_addon_rejects_invalid_seat ... ok
test test_dispatch_create_table_rejects_zero_big_blind ... ok
test test_dispatch_create_table_max_players_at_limit ... ok
test test_dispatch_addon_accumulates_pending ... ok
test test_dispatch_call_route ... ok
test test_dispatch_check_route ... ok
test test_dispatch_bet_route ... ok
test test_dispatch_leave_table_rejects_empty_seat ... ok
test test_dispatch_leave_table_rejects_invalid_seat_index ... ok
test test_dispatch_selectors_deterministic ... ok
test test_dispatch_rebuy_rejects_invalid_seat ... ok
test test_dispatch_fold_route ... ok
test test_dispatch_leave_table_rejects_non_waiting_state ... ok
test test_evaluate_best_five_cards ... ok
test test_evaluate_best_four_cards ... ok
test test_evaluate_best_one_card ... ok
test test_dispatch_selectors_all_unique ... ok
test test_evaluate_best_six_cards ... ok
test test_evaluate_best_seven_cards_multiple_options ... ok
test test_evaluate_best_zero_cards ... ok
test test_evaluate_best_seven_cards_straight_flush ... ok
test test_dispatch_unknown_method ... ok
test test_event_serde_roundtrip ... ok
test test_dispatch_raise_route ... ok
test test_find_next_active_seat_all_in_filtered ... ok
test test_find_winners_all_players_folded ... ok
test test_find_next_active_seat_all_folded ... ok
test test_dispatch_rebuy_increases_stack_immediately ... ok
test test_find_next_active_seat_wraps_around ... ok
test test_find_winners_single_player ... ok
test test_find_winners_three_players_one_winner ... ok
test test_find_winners_empty ... ok
test test_find_winners_three_way_tie ... ok
test test_find_winners_two_players_one_wins ... ok
test test_find_winners_two_players_tie ... ok
test test_find_winners_two_way_tie ... ok
test test_find_next_participating_seat_includes_folded_and_all_in ... ok
test test_flush_beats_straight ... ok
test test_flush_high_card_comparison ... ok
test test_four_of_a_kind_beats_full_house ... ok
test test_four_of_a_kind_kicker_comparison ... ok
test test_full_house_kicker_comparison ... ok
test test_four_of_a_kind_kicker ... ok
test test_get_active_seat_indices_empty ... ok
test test_full_house_three_pairs_pick_best ... ok
test test_hand_rank_category_name ... ok
test test_hand_rank_category_name_unknown ... ok
test test_hand_rank_different_categories ... ok
test test_hand_rank_display ... ok
test test_hand_rank_eq_and_ord ... ok
test test_hand_rank_equality ... ok
test test_hand_rank_kickers_padding ... ok
test test_hand_rank_ordering ... ok
test test_get_active_seat_indices_excludes_waiting ... ok
test test_high_card_compare_kickers ... ok
test test_is_playing_different_phases ... ok
test test_one_pair_kicker_comparison ... ok
test test_get_pending_seat_indices_filters_completed ... ok
test test_playing_card_borsh_roundtrip ... ok
test test_playing_card_invalid_suit_defaults_to_clubs ... ok
test test_playing_card_new_const ... ok
test test_playing_card_to_card_mapping ... ok
test test_remove_from_pending_existing ... ok
test test_is_pk_registered ... ok
test test_remove_from_pending_non_existing ... ok
test test_seat_empty_default ... ok
test test_royal_flush_is_not_straight_flush ... ok
test test_raise_resets_other_players_acted ... ok
test test_seat_helpers_count_active_occupied ... ok
test test_seat_helpers_count_active_players ... ok
test test_seat_helpers_find_next_active_seat ... ok
test test_seat_helpers_find_next_participating_seat ... ok
test test_seat_helpers_has_actionable_player ... ok
test test_seat_status_active ... ok
test test_seat_helpers_get_active_seat_indices ... ok
test test_seat_status_default ... ok
test test_seat_status_all_in ... ok
test test_seat_status_folded ... ok
test test_seat_status_is_mutually_exclusive ... ok
test test_seat_status_left_during_hand ... ok
test test_seat_status_waiting ... ok
test test_side_pot_borsh_roundtrip ... ok
test test_side_pot_error_display ... ok
test test_side_pot_is_eligible ... ok
test test_side_pot_is_eligible_boundary ... ok
test test_side_pot_new ... ok
test test_side_pot_is_eligible_seat_over_15_panics ... ok
test test_side_pot_result_total_matches_sum ... ok
test test_start_hand_min_players_fails ... ok
test test_seat_borsh_roundtrip ... ok
test test_state_predicates_can_join_state ... ok
test test_state_predicates_can_leave_state ... ok
test test_state_predicates_is_betting_round ... ok
test test_dispatch_join_table_rejects_non_waiting_state ... ok
test test_state_predicates_is_in_mask ... ok
test test_state_predicates_is_player_turn ... ok
test test_state_predicates_is_playing ... ok
test test_straight_flush_wheel ... ok
test test_straight_high_card_comparison ... ok
test test_three_of_a_kind_kicker_comparison ... ok
test test_straight_wheel_a2345 ... ok
test test_tick_betting_timeout_with_time_bank ... ok
test test_tick_betting_timeout_triggers_fold ... ok
test test_two_pair_high_pair_comparison ... ok
test test_dispatch_join_table_rejects_buy_in_less_than_big_blind ... ok
test test_two_pair_low_pair_comparison ... ok
test test_utils_encrypt_decrypt_roundtrip ... ok
test test_utils_extract_c1s_c2s ... ok
test test_utils_g1_add_sub_inverse ... ok
test test_utils_g1_generator_not_identity ... ok
test test_utils_g1_identity_is_identity ... ok
test test_utils_hash_to_g1_deterministic ... ok
test test_utils_hash_to_scalar_deterministic ... ok
test test_utils_scalar_add_commutative ... ok
test test_utils_scalar_from_u64 ... ok
test test_utils_u64_to_ascii ... ok
test test_dispatch_join_table_rejects_duplicate_pk ... ok
test test_dispatch_join_table_rejects_seat_full ... ok
test test_reset_for_next_hand_merges_pending_addon ... ok
test test_kick_player_internal_refunds_stack ... ok
test test_reset_for_next_hand_refills_time_bank ... ok
test test_utils_generate_plaintext_cards_count ... ok
test test_tick_waiting_requires_explicit_start_hand ... ok
test test_start_hand_success ... ok
test test_reset_for_next_hand_clears_state ... ok
test test_tick_showdown_settles_hand ... ok
test test_set_initial_encrypted_deck ... ok

test result: ok. 243 passed; 0 failed; 0 ignored; 0 measured; 0 filtered out; finished in 0.40s

   Doc-tests poker_l1

running 6 tests
test poker_l1/src/sync/mod.rs - sync::FastSync (line 382) ... ignored
test poker_l1/src/vm/context.rs - vm::context::PokerL1Context::with_zk_verifier (line 126) ... ignored
test poker_l1/src/vm/contracts/examples.rs - vm::contracts::examples (line 23) ... ignored
test poker_l1/src/vm/contracts/examples.rs - vm::contracts::examples::MINIMAL_CONTRACT_SOURCE (line 55) ... ignored
test poker_l1/src/vm/gas_strategy.rs - vm::gas_strategy::BpfGasStrategy (line 26) ... ignored
test poker_l1/src/vm/loader.rs - vm::loader::load_contract_bytecode (line 134) - compile ... ok

test result: ok. 1 passed; 0 failed; 5 ignored; 0 measured; 0 filtered out; finished in 0.00s

all doctests ran in 1.04s; merged doctests compilation took 0.70s
